11,12,0.7044575638495969,40,0.10725194350619278,0.14424157612938804,0.7302984504746932,2,0.1,0.26230699666787105,15,"{0: [], 1: [(I, 8), (A, 0), (K, 10), (K, 11)], 2: [(A, 0), (D, 3), (I, 8), (B, 1)], 3: [(D, 3), (I, 8)], 4: [(A, 0)], 5: [], 6: [], 7: [(B, 1)], 8: [], 9: [], 10: [], 11: []}","{0: [], 1: [(E, K), (J, K), (F, K), (I, H), (D, K), (C, K), (G, K), (H, K), (B, K)], 2: [(G, K), (C, K), (F, K), (E, K), (J, K)], 3: [(J, K), (E, K), (F, K), (A, K), (B, K), (G, K), (C, K)], 4: [(G, K), (C, K), (F, K), (B, K), (J, K), (E, K)], 5: [(C, K), (B, K), (G, K), (F, K), (E, K), (J, K), (A, K)], 6: [(G, K), (C, K), (B, K), (E, K), (F, K), (J, K)], 7: [(E, K), (C, K), (G, K), (F, K), (J, K)], 8: [(F, K), (J, K), (C, K), (G, K), (B, K), (E, K)], 9: [(G, K), (F, K), (E, K), (C, K), (J, K)], 10: [(J, K), (C, K), (F, K), (G, K), (B, K), (A, K), (E, K)], 11: [(C, K), (G, K), (J, K), (B, K), (F, K), (A, K), (E, K)]}","{1: [(A, [0]), (B, [1]), (C, [2]), (D, [3]), (E, [4]), (F, [5]), (G, [6]), (H, [7]), (I, [8]), (J, [9]), (K, [10, 11])], 2: [(E, [4]), (J, [9]), (F, [5]), (I, [8]), (D, [3]), (A, [0]), (C, [2]), (G, [6]), (K, [7, 10, 11]), (B, [1])], 3: [(A, [0]), (G, [6]), (K, [7, 10, 11]), (D, [3]), (I, [8]), (B, [1]), (C, [2]), (F, [5]), (E, [4]), (J, [9])], 4: [(J, [9]), (E, [4]), (F, [5]), (D, [3]), (I, [8]), (A, [0]), (B, [1]), (G, [6]), (C, [2]), (K, [7, 10, 11])], 5: [(I, [8]), (G, [6]), (C, [2]), (F, [5]), (D, [3]), (B, [1]), (A, [0]), (K, [7, 10, 11]), (J, [9]), (E, [4])], 6: [(C, [2]), (B, [1]), (K, [7, 10, 11]), (I, [8]), (G, [6]), (F, [5]), (E, [4]), (D, [3]), (J, [9]), (A, [0])], 7: [(A, [0]), (K, [7, 10, 11]), (G, [6]), (D, [3]), (C, [2]), (B, [1]), (I, [8]), (E, [4]), (F, [5]), (J, [9])], 8: [(I, [8]), (E, [4]), (B, [1]), (C, [2]), (A, [0]), (K, [7, 10, 11]), (D, [3]), (G, [6]), (F, [5]), (J, [9])], 9: [(I, [8]), (A, [0]), (K, [7, 10, 11]), (D, [3]), (F, [5]), (J, [9]), (C, [2]), (G, [6]), (B, [1]), (E, [4])], 10: [(D, [3]), (K, [7, 10, 11]), (I, [8]), (G, [6]), (A, [0]), (F, [5]), (E, [4]), (B, [1]), (C, [2]), (J, [9])], 11: [(J, [9]), (C, [2]), (F, [5]), (I, [8]), (G, [6]), (B, [1]), (A, [0]), (K, [7, 10, 11]), (D, [3]), (E, [4])]}"
10,11,0.7054925796292313,45,0.06153056753152698,0.21825134265425278,0.5857860966069235,2,0.1,0.30747144912107394,10,"{0: [], 1: [(B, 1), (J, 9), (J, 10)], 2: [], 3: [], 4: [], 5: [], 6: [], 7: [], 8: [], 9: [], 10: [], 11: []}","{0: [], 1: [(A, J), (D, J), (I, J), (G, J), (C, J), (F, J), (H, J), (E, J)], 2: [(H, J), (G, J), (B, J), (A, J), (C, J), (D, J), (F, J), (I, J), (E, J)], 3: [(H, J), (C, J), (D, J), (A, J), (I, J), (G, J), (F, J), (B, J), (E, J)], 4: [(E, J), (F, J), (I, J), (B, J), (G, J), (D, J), (C, J), (H, J), (A, J)], 5: [(E, J), (H, J), (F, J), (I, J), (D, J), (G, J), (B, J), (A, J), (C, J)], 6: [(H, J), (F, J), (I, J), (C, J), (G, J), (E, J), (D, J), (A, J), (B, J)], 7: [(H, J), (A, J), (D, J), (I, J), (B, J), (E, J), (C, J), (F, J), (G, J)], 8: [(B, J), (A, J), (G, J), (C, J), (H, J), (F, J), (I, J), (D, J), (E, J)], 9: [(B, J), (G, J), (A, J), (F, J), (E, J), (C, J), (D, J), (I, J), (H, J)], 10: [(E, J), (F, J), (D, J), (G, J), (I, J), (B, J), (A, J), (C, J), (H, J)], 11: [(E, J), (C, J), (F, J), (G, J), (A, J), (H, J), (B, J), (I, J), (D, J)]}","{1: [(A, [0]), (B, [1]), (C, [2]), (D, [3]), (E, [4]), (F, [5]), (G, [6]), (H, [7]), (I, [8]), (J, [9, 10])], 2: [(B, [1]), (A, [0]), (D, [3]), (I, [8]), (G, [6]), (C, [2]), (J, [9, 10]), (F, [5]), (H, [7]), (E, [4])], 3: [(H, [7]), (G, [6]), (B, [1]), (A, [0]), (C, [2]), (D, [3]), (J, [9, 10]), (F, [5]), (I, [8]), (E, [4])], 4: [(H, [7]), (C, [2]), (D, [3]), (A, [0]), (I, [8]), (G, [6]), (F, [5]), (B, [1]), (E, [4]), (J, [9, 10])], 5: [(E, [4]), (F, [5]), (I, [8]), (B, [1]), (G, [6]), (D, [3]), (C, [2]), (J, [9, 10]), (H, [7]), (A, [0])], 6: [(E, [4]), (H, [7]), (F, [5]), (J, [9, 10]), (I, [8]), (D, [3]), (G, [6]), (B, [1]), (A, [0]), (C, [2])], 7: [(H, [7]), (F, [5]), (I, [8]), (C, [2]), (G, [6]), (E, [4]), (D, [3]), (A, [0]), (B, [1]), (J, [9, 10])], 8: [(H, [7]), (A, [0]), (D, [3]), (J, [9, 10]), (I, [8]), (B, [1]), (E, [4]), (C, [2]), (F, [5]), (G, [6])], 9: [(B, [1]), (A, [0]), (G, [6]), (C, [2]), (H, [7]), (F, [5]), (I, [8]), (D, [3]), (J, [9, 10]), (E, [4])], 10: [(B, [1]), (G, [6]), (A, [0]), (F, [5]), (E, [4]), (C, [2]), (J, [9, 10]), (D, [3]), (I, [8]), (H, [7])], 11: [(E, [4]), (F, [5]), (D, [3]), (G, [6]), (I, [8]), (J, [9, 10]), (B, [1]), (A, [0]), (C, [2]), (H, [7])]}"
13,14,0.6216183695131526,55,0.09683669890511541,0.15237819729191254,0.39958000206830724,1,0.1,0.046080271456357014,16,"{0: [], 1: [(I, 8), (M, 12), (M, 13), (E, 4)], 2: [(I, 8), (M, 12), (M, 13), (A, 0)], 3: [(I, 8)], 4: [(I, 8)], 5: [(E, 4), (I, 8)], 6: [(I, 8)], 7: [(I, 8)], 8: [(I, 8)], 9: [(I, 8)], 10: [(I, 8)], 11: [(I, 8)]}","{0: [], 1: [(K, M), (H, M), (B, M), (I, M), (F, M), (L, M), (D, I), (J, M), (C, M), (A, M), (G, M)], 2: [(K, M), (H, M), (I, M), (F, M), (G, M), (D, I), (J, M), (C, M), (E, M), (L, M), (B, M)], 3: [(K, M), (L, M), (E, M), (D, I), (I, M), (A, M), (B, M), (J, M), (G, M), (C, M), (F, M), (H, M)], 4: [(L, M), (E, M), (D, I), (I, M), (B, M), (A, M), (J, M), (F, M), (G, M), (C, M), (K, M), (H, M)], 5: [(L, M), (A, M), (B, M), (J, M), (D, I), (K, M), (I, M), (H, M), (C, M), (F, M)], 6: [(H, M), (E, M), (B, M), (I, M), (C, M), (A, M), (K, M), (G, M), (D, I), (J, M), (F, M), (L, M)], 7: [(K, M), (F, M), (L, M), (I, M), (G, M), (B, M), (E, M), (J, M), (A, M), (D, I), (H, M), (C, M)], 8: [(J, M), (C, M), (G, M), (E, M), (F, M), (K, M), (L, M), (D, I), (I, M), (B, M), (H, M), (A, M)], 9: [(D, I), (H, M), (K, M), (B, M), (L, M), (E, M), (F, M), (A, M), (J, M), (C, M), (I, M)], 10: [(A, M), (K, M), (I, M), (L, M), (B, M), (E, M), (F, M), (C, M), (D, I), (H, M), (G, M), (J, M)], 11: [(A, M), (J, M), (D, I), (I, M), (G, M), (K, M), (F, M), (C, M), (E, M), (B, M), (H, M), (L, M)]}","{1: [(A, [0]), (B, [1]), (C, [2]), (D, [3]), (E, [4]), (F, [5]), (G, [6]), (H, [7]), (I, [8]), (J, [9]), (K, [10]), (L, [11]), (M, [12, 13])], 2: [(K, [10]), (H, [7]), (B, [1]), (I, [8]), (F, [5]), (M, [12, 13]), (L, [11]), (D, [3]), (J, [9]), (C, [2]), (A, [0]), (G, [6]), (E, [4])], 3: [(K, [10]), (H, [7]), (I, [8]), (M, [12, 13]), (F, [5]), (G, [6]), (D, [3]), (J, [9]), (C, [2]), (E, [4]), (A, [0]), (L, [11]), (B, [1])], 4: [(K, [10]), (L, [11]), (E, [4]), (D, [3]), (I, [8]), (A, [0]), (B, [1]), (J, [9]), (G, [6]), (M, [12, 13]), (C, [2]), (F, [5]), (H, [7])], 5: [(L, [11]), (E, [4]), (D, [3]), (M, [12, 13]), (I, [8]), (B, [1]), (A, [0]), (J, [9]), (F, [5]), (G, [6]), (C, [2]), (K, [10]), (H, [7])], 6: [(E, [4]), (M, [12, 13]), (G, [6]), (L, [11]), (A, [0]), (B, [1]), (J, [9]), (D, [3]), (K, [10]), (I, [8]), (H, [7]), (C, [2]), (F, [5])], 7: [(H, [7]), (E, [4]), (B, [1]), (I, [8]), (M, [12, 13]), (C, [2]), (A, [0]), (K, [10]), (G, [6]), (D, [3]), (J, [9]), (F, [5]), (L, [11])], 8: [(K, [10]), (F, [5]), (L, [11]), (I, [8]), (G, [6]), (B, [1]), (E, [4]), (M, [12, 13]), (J, [9]), (A, [0]), (D, [3]), (H, [7]), (C, [2])], 9: [(J, [9]), (C, [2]), (M, [12, 13]), (G, [6]), (E, [4]), (F, [5]), (K, [10]), (L, [11]), (D, [3]), (I, [8]), (B, [1]), (H, [7]), (A, [0])], 10: [(D, [3]), (G, [6]), (H, [7]), (K, [10]), (B, [1]), (L, [11]), (M, [12, 13]), (E, [4]), (F, [5]), (A, [0]), (J, [9]), (C, [2]), (I, [8])], 11: [(A, [0]), (K, [10]), (I, [8]), (M, [12, 13]), (L, [11]), (B, [1]), (E, [4]), (F, [5]), (C, [2]), (D, [3]), (H, [7]), (G, [6]), (J, [9])]}"
7,12,0.6040306746397512,44,0.10968270046633939,0.3927220164526011,0.22233258201892894,2,0.1,0.44981350582378704,8,"{0: [], 1: [(F, 5), (G, 6), (G, 7), (G, 8), (G, 9), (G, 10), (G, 11)], 2: [(F, 5)], 3: [(F, 5)], 4: [], 5: [(F, 5)], 6: [(F, 5)], 7: [(F, 5)], 8: [(F, 5)], 9: [], 10: [], 11: []}","{0: [], 1: [(E, G), (B, G), (C, G), (D, G), (A, G)], 2: [(B, G), (C, G), (E, G), (A, G), (D, G)], 3: [(E, G), (C, G), (D, G), (B, G), (A, G)], 4: [(A, G), (C, G), (B, G), (F, G), (D, G), (E, G)], 5: [(E, G), (A, G), (B, G), (C, G), (D, G)], 6: [(A, G), (E, G), (D, G), (C, G), (B, G)], 7: [(B, G), (D, G), (A, G), (E, G), (C, G)], 8: [(E, G), (A, G), (B, G), (D, G), (C, G)], 9: [(B, G), (A, G), (C, G), (D, G), (E, G)], 10: [(E, G), (D, G), (C, G), (B, G), (A, G)], 11: [(C, G), (A, G), (E, G), (D, G), (B, G)]}","{1: [(A, [0]), (B, [1]), (C, [2]), (D, [3]), (E, [4]), (F, [5]), (G, [6, 7, 8, 9, 10, 11])], 2: [(E, [4]), (B, [1]), (F, [5]), (C, [2]), (D, [3]), (G, [6, 7, 8, 9, 10, 11]), (A, [0])], 3: [(F, [5]), (G, [6, 7, 8, 9, 10, 11]), (B, [1]), (C, [2]), (E, [4]), (A, [0]), (D, [3])], 4: [(G, [6, 7, 8, 9, 10, 11]), (E, [4]), (F, [5]), (C, [2]), (D, [3]), (B, [1]), (A, [0])], 5: [(A, [0]), (C, [2]), (B, [1]), (G, [6, 7, 8, 9, 10, 11]), (F, [5]), (D, [3]), (E, [4])], 6: [(F, [5]), (E, [4]), (G, [6, 7, 8, 9, 10, 11]), (A, [0]), (B, [1]), (C, [2]), (D, [3])], 7: [(G, [6, 7, 8, 9, 10, 11]), (A, [0]), (E, [4]), (F, [5]), (D, [3]), (C, [2]), (B, [1])], 8: [(G, [6, 7, 8, 9, 10, 11]), (B, [1]), (D, [3]), (F, [5]), (A, [0]), (E, [4]), (C, [2])], 9: [(E, [4]), (A, [0]), (B, [1]), (D, [3]), (G, [6, 7, 8, 9, 10, 11]), (C, [2]), (F, [5])], 10: [(B, [1]), (G, [6, 7, 8, 9, 10, 11]), (A, [0]), (C, [2]), (D, [3]), (E, [4]), (F, [5])], 11: [(G, [6, 7, 8, 9, 10, 11]), (F, [5]), (E, [4]), (D, [3]), (C, [2]), (B, [1]), (A, [0])]}"
8,14,0.24518747108087982,42,0.052357588137553965,0.4037519059699033,0.39483341857595644,3,0.1,0.13899329691807638,11,"{0: [], 1: [(A, 0), (F, 5), (G, 6), (H, 7), (H, 8), (H, 9), (H, 10), (H, 11), (H, 12), (H, 13)], 2: [(H, 10), (G, 6), (F, 5), (A, 0)], 3: [(G, 6), (A, 0), (F, 5), (H, 10)], 4: [(G, 6)], 5: [(G, 6), (E, 4)], 6: [(G, 6), (E, 4)], 7: [(H, 11), (E, 4)], 8: [(F, 5)], 9: [(H, 10)], 10: [(E, 4)], 11: [(E, 4)]}","{0: [], 1: [(D, H), (C, H), (B, H), (E, H)], 2: [(D, H), (B, H), (E, H), (C, H)], 3: [(D, H), (B, H), (C, H), (E, H)], 4: [(E, H), (C, H), (D, H), (B, H)], 5: [(B, H), (D, H), (C, H)], 6: [(C, H), (B, H), (D, H)], 7: [(D, H), (B, H), (F, H), (C, H)], 8: [(C, H), (D, H), (B, H), (G, H), (E, H)], 9: [(B, H), (D, H), (C, H), (E, H)], 10: [(B, H), (D, H), (C, H)], 11: [(D, H), (C, H), (G, H), (B, H)]}","{1: [(A, [0]), (B, [1]), (C, [2]), (D, [3]), (E, [4]), (F, [5]), (G, [6]), (H, [7, 8, 9, 10, 11, 12, 13])], 2: [(A, [0]), (F, [5]), (D, [3]), (C, [2]), (B, [1]), (G, [6]), (H, [7, 8, 9, 10, 11, 12, 13]), (E, [4])], 3: [(D, [3]), (H, [7, 8, 9, 10, 11, 12, 13]), (G, [6]), (B, [1]), (F, [5]), (E, [4]), (A, [0]), (C, [2])], 4: [(G, [6]), (A, [0]), (F, [5]), (D, [3]), (B, [1]), (H, [7, 8, 9, 10, 11, 12, 13]), (C, [2]), (E, [4])], 5: [(H, [7, 8, 9, 10, 11, 12, 13]), (G, [6]), (E, [4]), (F, [5]), (C, [2]), (A, [0]), (D, [3]), (B, [1])], 6: [(B, [1]), (D, [3]), (A, [0]), (H, [7, 8, 9, 10, 11, 12, 13]), (G, [6]), (C, [2]), (F, [5]), (E, [4])], 7: [(F, [5]), (G, [6]), (C, [2]), (H, [7, 8, 9, 10, 11, 12, 13]), (A, [0]), (B, [1]), (D, [3]), (E, [4])], 8: [(D, [3]), (A, [0]), (B, [1]), (F, [5]), (G, [6]), (H, [7, 8, 9, 10, 11, 12, 13]), (C, [2]), (E, [4])], 9: [(C, [2]), (D, [3]), (H, [7, 8, 9, 10, 11, 12, 13]), (B, [1]), (A, [0]), (G, [6]), (E, [4]), (F, [5])], 10: [(B, [1]), (A, [0]), (D, [3]), (F, [5]), (C, [2]), (G, [6]), (H, [7, 8, 9, 10, 11, 12, 13]), (E, [4])], 11: [(G, [6]), (B, [1]), (H, [7, 8, 9, 10, 11, 12, 13]), (D, [3]), (F, [5]), (E, [4]), (A, [0]), (C, [2])]}"
14,15,0.47966247814972307,55,0.06496458427140296,0.11769013847174291,0.607665225648902,2,0.1,0.39959171840508617,9,"{0: [], 1: [(M, 12), (N, 13), (N, 14), (L, 11), (K, 10)], 2: [(M, 12), (L, 11), (K, 10)], 3: [(K, 10), (L, 11)], 4: [(E, 4), (G, 6), (L, 11), (K, 10)], 5: [(K, 10), (L, 11)], 6: [(G, 6), (L, 11), (E, 4), (K, 10)], 7: [(L, 11), (K, 10)], 8: [(M, 12), (K, 10), (L, 11)], 9: [(K, 10)], 10: [(L, 11), (M, 12), (K, 10)], 11: []}","{0: [], 1: [(I, N), (M, L), (F, N), (B, K), (E, M), (J, N), (G, N), (D, N), (L, N), (A, L), (K, F), (C, N), (H, N)], 2: [(H, N), (D, N), (B, K), (C, N), (M, L), (I, N), (E, M), (J, N), (A, L), (L, N), (G, N), (K, N)], 3: [(I, N), (G, N), (K, N), (B, K), (C, N), (L, N), (J, N), (A, L), (D, N), (H, N), (M, L)], 4: [(H, N), (I, N), (C, N), (A, L), (J, N), (M, L), (L, N), (D, N), (K, N), (B, K)], 5: [(I, N), (K, N), (L, N), (B, K), (G, N), (C, N), (J, N), (D, N), (H, N), (M, L), (A, L)], 6: [(I, N), (L, N), (B, K), (A, L), (J, N), (C, N), (H, N), (M, L), (K, N), (D, N)], 7: [(I, N), (L, N), (A, L), (G, N), (B, K), (C, N), (J, N), (H, N), (M, L), (K, N), (D, N)], 8: [(J, N), (M, L), (E, M), (K, N), (L, N), (D, N), (A, L), (G, N), (H, N), (B, K), (I, N), (C, N)], 9: [(H, N), (C, N), (A, L), (I, N), (B, K), (D, N), (G, N), (J, N), (L, N), (K, N), (M, L)], 10: [(A, L), (J, N), (L, N), (H, N), (B, K), (C, N), (G, N), (M, L), (D, N), (K, N), (I, N), (E, M)], 11: [(H, N), (A, L), (C, N), (K, N), (M, L), (I, N), (L, N), (D, N), (J, N), (B, K)]}","{1: [(A, [0]), (B, [1]), (C, [2]), (D, [3]), (E, [4]), (F, [5]), (G, [6]), (H, [7]), (I, [8]), (J, [9]), (K, [10]), (L, [11]), (M, [12]), (N, [13, 14])], 2: [(I, [8]), (M, [12]), (B, [1]), (E, [4]), (J, [9]), (G, [6]), (D, [3]), (N, [13, 14]), (L, [11]), (A, [0]), (K, [5, 10]), (C, [2]), (H, [7])], 3: [(H, [7]), (D, [3]), (B, [1]), (C, [2]), (M, [12]), (I, [8]), (E, [4]), (J, [9]), (A, [0]), (N, [13, 14]), (L, [11]), (G, [6]), (K, [5, 10])], 4: [(I, [8]), (G, [6]), (K, [5, 10]), (B, [1]), (C, [2]), (L, [11]), (J, [9]), (E, [4]), (A, [0]), (D, [3]), (H, [7]), (M, [12]), (N, [13, 14])], 5: [(E, [4]), (H, [7]), (G, [6]), (I, [8]), (C, [2]), (A, [0]), (J, [9]), (M, [12]), (N, [13, 14]), (L, [11]), (D, [3]), (K, [5, 10]), (B, [1])], 6: [(I, [8]), (E, [4]), (K, [5, 10]), (L, [11]), (B, [1]), (G, [6]), (C, [2]), (J, [9]), (D, [3]), (H, [7]), (M, [12]), (A, [0]), (N, [13, 14])], 7: [(G, [6]), (I, [8]), (L, [11]), (B, [1]), (A, [0]), (J, [9]), (C, [2]), (H, [7]), (E, [4]), (M, [12]), (N, [13, 14]), (K, [5, 10]), (D, [3])], 8: [(N, [13, 14]), (I, [8]), (L, [11]), (A, [0]), (G, [6]), (B, [1]), (E, [4]), (C, [2]), (J, [9]), (H, [7]), (M, [12]), (K, [5, 10]), (D, [3])], 9: [(J, [9]), (M, [12]), (N, [13, 14]), (E, [4]), (K, [5, 10]), (L, [11]), (D, [3]), (A, [0]), (G, [6]), (H, [7]), (B, [1]), (I, [8]), (C, [2])], 10: [(H, [7]), (C, [2]), (A, [0]), (I, [8]), (B, [1]), (D, [3]), (G, [6]), (J, [9]), (N, [13, 14]), (L, [11]), (E, [4]), (K, [5, 10]), (M, [12])], 11: [(A, [0]), (J, [9]), (L, [11]), (H, [7]), (B, [1]), (C, [2]), (G, [6]), (M, [12]), (N, [13, 14]), (D, [3]), (K, [5, 10]), (I, [8]), (E, [4])]}"
9,15,0.5736137770880861,43,0.1869146075481758,0.3696408680663299,0.4385484773916176,2,0.1,0.42502143535237885,17,"{0: [], 1: [(A, 0), (B, 1), (I, 8), (I, 9), (I, 10), (I, 11), (I, 12), (I, 13), (I, 14)], 2: [(C, 2), (A, 0), (B, 1), (E, 4)], 3: [(A, 0), (E, 4)], 4: [(E, 4)], 5: [(E, 4)], 6: [], 7: [], 8: [(H, 7), (I, 12)], 9: [(H, 7), (I, 11)], 10: [(H, 7)], 11: [(H, 7)]}","{0: [], 1: [(D, I), (H, I), (F, I), (C, I), (E, I), (G, I)], 2: [(H, I), (F, I), (G, I), (D, I)], 3: [(H, I), (F, I), (D, I), (G, I)], 4: [(H, I), (D, I), (F, I), (G, I)], 5: [(F, I), (H, I), (G, I), (D, I)], 6: [(G, I), (D, I), (F, I), (H, I)], 7: [(G, I), (D, I), (H, I)], 8: [(D, I), (G, I)], 9: [(D, I)], 10: [], 11: []}","{1: [(A, [0]), (B, [1]), (C, [2]), (D, [3]), (E, [4]), (F, [5]), (G, [6]), (H, [7]), (I, [8, 9, 10, 11, 12, 13, 14])], 2: [(D, [3]), (H, [7]), (F, [5]), (C, [2]), (E, [4]), (A, [0]), (B, [1]), (I, [8, 9, 10, 11, 12, 13, 14]), (G, [6])], 3: [(C, [2]), (H, [7]), (F, [5]), (G, [6]), (A, [0]), (D, [3]), (B, [1]), (I, [8, 9, 10, 11, 12, 13, 14]), (E, [4])], 4: [(A, [0]), (H, [7]), (F, [5]), (E, [4]), (D, [3]), (G, [6]), (I, [8, 9, 10, 11, 12, 13, 14]), (B, [1]), (C, [2])], 5: [(C, [2]), (A, [0]), (H, [7]), (E, [4]), (D, [3]), (F, [5]), (B, [1]), (G, [6]), (I, [8, 9, 10, 11, 12, 13, 14])], 6: [(A, [0]), (C, [2]), (F, [5]), (B, [1]), (H, [7]), (E, [4]), (I, [8, 9, 10, 11, 12, 13, 14]), (G, [6]), (D, [3])], 7: [(I, [8, 9, 10, 11, 12, 13, 14]), (C, [2]), (B, [1]), (G, [6]), (D, [3]), (A, [0]), (F, [5]), (E, [4]), (H, [7])], 8: [(B, [1]), (G, [6]), (E, [4]), (D, [3]), (H, [7]), (A, [0]), (F, [5]), (C, [2]), (I, [8, 9, 10, 11, 12, 13, 14])], 9: [(D, [3]), (B, [1]), (A, [0]), (G, [6]), (H, [7]), (E, [4]), (C, [2]), (I, [8, 9, 10, 11, 12, 13, 14]), (F, [5])], 10: [(H, [7]), (A, [0]), (I, [8, 9, 10, 11, 12, 13, 14]), (C, [2]), (E, [4]), (D, [3]), (B, [1]), (G, [6]), (F, [5])], 11: [(F, [5]), (G, [6]), (C, [2]), (D, [3]), (B, [1]), (A, [0]), (E, [4]), (H, [7]), (I, [8, 9, 10, 11, 12, 13, 14])]}"
6,11,0.3296351726551837,41,0.10491167313145168,0.22286609542554325,0.17249994540481287,2,0.1,0.15133991670483277,5,"{0: [], 1: [(F, 5), (F, 6), (F, 7), (F, 8), (F, 9), (E, 4)], 2: [(E, 4)], 3: [(E, 4)], 4: [(E, 4)], 5: [(E, 4)], 6: [(E, 4)], 7: [(E, 4)], 8: [(E, 4)], 9: [(E, 4)], 10: [(E, 4)], 11: [(E, 4)]}","{0: [], 1: [(B, F), (A, F), (D, E), (C, F), (E, F)], 2: [(A, F), (D, E), (C, F), (B, F), (E, F)], 3: [(A, F), (C, F), (B, F), (E, F), (D, E)], 4: [(C, F), (A, F), (E, F), (B, F), (D, E)], 5: [(B, F), (C, F), (D, E), (E, F), (A, F)], 6: [(B, F), (A, F), (E, F), (D, E), (C, F)], 7: [(E, F), (C, F), (D, E), (B, F), (A, F)], 8: [(D, E), (E, F), (A, F), (B, F), (C, F)], 9: [(D, E), (C, F), (E, F), (A, F), (B, F)], 10: [(E, F), (A, F), (B, F), (D, E), (C, F)], 11: [(D, E), (C, F), (A, F), (E, F), (B, F)]}","{1: [(A, [0]), (B, [1]), (C, [2]), (D, [3]), (E, [4]), (F, [5, 6, 7, 8, 9, 10])], 2: [(B, [1]), (A, [0]), (F, [5, 6, 7, 8, 9, 10]), (D, [3]), (C, [2]), (E, [4])], 3: [(A, [0]), (D, [3]), (C, [2]), (B, [1]), (F, [5, 6, 7, 8, 9, 10]), (E, [4])], 4: [(A, [0]), (F, [5, 6, 7, 8, 9, 10]), (C, [2]), (B, [1]), (E, [4]), (D, [3])], 5: [(C, [2]), (A, [0]), (E, [4, 10]), (B, [1]), (F, [5, 6, 7, 8, 9]), (D, [3])], 6: [(B, [1]), (C, [2]), (F, [5, 6, 7, 8, 9]), (D, [3]), (E, [4, 10]), (A, [0])], 7: [(B, [1]), (A, [0]), (E, [4, 10]), (D, [3]), (C, [2]), (F, [5, 6, 7, 8, 9])], 8: [(E, [4, 10]), (F, [5, 6, 7, 8, 9]), (C, [2]), (D, [3]), (B, [1]), (A, [0])], 9: [(D, [3]), (E, [4, 10]), (A, [0]), (B, [1]), (F, [5, 6, 7, 8, 9]), (C, [2])], 10: [(D, [3]), (C, [2]), (E, [4, 10]), (A, [0]), (B, [1]), (F, [5, 6, 7, 8, 9])], 11: [(E, [4, 10]), (F, [5, 6, 7, 8, 9]), (A, [0]), (B, [1]), (D, [3]), (C, [2])]}"
7,15,0.20299300111963373,39,0.1294806218322525,0.41814650550604704,0.4902587708899544,1,0.1,0.34188473003130837,15,"{0: [], 1: [(G, 6), (G, 7), (G, 8), (G, 9), (G, 10), (G, 11), (G, 12), (G, 13), (G, 14), (E, 4)], 2: [(C, 2)], 3: [(C, 2)], 4: [(C, 2)], 5: [], 6: [], 7: [], 8: [], 9: [], 10: [], 11: []}","{0: [], 1: [(C, E), (D, G), (F, G), (B, G), (A, G), (E, G)], 2: [(A, G), (D, G), (E, G)], 3: [(D, G), (E, G), (A, G)], 4: [(D, G), (A, G), (E, G)], 5: [(A, G), (E, G), (D, G)], 6: [(D, G), (A, G), (E, G)], 7: [(D, G), (E, G), (A, G)], 8: [(A, G), (D, G), (E, G)], 9: [(A, G), (D, G), (E, G)], 10: [(D, G), (E, G), (A, G)], 11: [(A, G), (D, G)]}","{1: [(A, [0]), (B, [1]), (C, [2]), (D, [3]), (E, [4]), (F, [5]), (G, [6, 7, 8, 9, 10, 11, 12, 13, 14])], 2: [(C, [2]), (D, [3]), (G, [6, 7, 8, 9, 10, 11, 12, 13, 14]), (F, [5]), (B, [1]), (A, [0]), (E, [4])], 3: [(B, [1]), (G, [6, 7, 8, 9, 10, 11, 12, 13, 14]), (A, [0]), (F, [5]), (D, [3]), (C, [2]), (E, [4])], 4: [(D, [3]), (B, [1]), (G, [6, 7, 8, 9, 10, 11, 12, 13, 14]), (F, [5]), (C, [2]), (E, [4]), (A, [0])], 5: [(B, [1]), (D, [3]), (G, [6, 7, 8, 9, 10, 11, 12, 13, 14]), (C, [2]), (A, [0]), (E, [4]), (F, [5])], 6: [(F, [5]), (B, [1]), (C, [2]), (A, [0]), (G, [6, 7, 8, 9, 10, 11, 12, 13, 14]), (E, [4]), (D, [3])], 7: [(B, [1]), (F, [5]), (D, [3]), (A, [0]), (G, [6, 7, 8, 9, 10, 11, 12, 13, 14]), (E, [4]), (C, [2])], 8: [(B, [1]), (D, [3]), (E, [4]), (C, [2]), (G, [6, 7, 8, 9, 10, 11, 12, 13, 14]), (A, [0]), (F, [5])], 9: [(B, [1]), (A, [0]), (G, [6, 7, 8, 9, 10, 11, 12, 13, 14]), (C, [2]), (D, [3]), (E, [4]), (F, [5])], 10: [(F, [5]), (G, [6, 7, 8, 9, 10, 11, 12, 13, 14]), (A, [0]), (C, [2]), (B, [1]), (D, [3]), (E, [4])], 11: [(D, [3]), (G, [6, 7, 8, 9, 10, 11, 12, 13, 14]), (C, [2]), (E, [4]), (A, [0]), (B, [1]), (F, [5])]}"
13,14,0.4271244277740702,43,0.14943216225985795,0.2332841117569182,0.403503124933138,1,0.1,0.47612825445534346,11,"{0: [], 1: [(F, 5), (M, 12), (M, 13), (L, 11), (K, 10), (H, 7)], 2: [(L, 11), (K, 10), (F, 5), (H, 7)], 3: [(H, 7), (F, 5), (L, 11)], 4: [(C, 2), (H, 7), (F, 5)], 5: [(L, 11), (F, 5), (H, 7), (K, 10)], 6: [(C, 2), (L, 11), (H, 7), (F, 5)], 7: [(L, 11), (F, 5), (H, 7)], 8: [(F, 5), (H, 7)], 9: [(C, 2), (L, 11), (F, 5), (H, 7)], 10: [(C, 2), (H, 7), (F, 5)], 11: [(H, 7), (F, 5)]}","{0: [], 1: [(G, H), (I, M), (J, M), (A, F), (F, L), (B, M), (L, M), (D, L), (C, M), (E, L), (H, L)], 2: [(L, M), (B, M), (D, L), (A, F), (E, L), (J, M), (F, L), (H, L), (G, H), (I, M), (C, M)], 3: [(B, M), (D, L), (A, F), (E, L), (H, L), (F, L), (I, M), (G, H), (L, M), (C, M), (J, M)], 4: [(E, L), (L, M), (H, L), (F, L), (D, L), (B, M), (I, M), (G, H), (J, M), (A, F)], 5: [(L, M), (D, L), (F, L), (E, L), (H, L), (B, M), (I, M), (J, M), (G, H), (A, F), (C, M)], 6: [(A, F), (E, L), (D, L), (L, M), (G, H), (I, M), (J, M), (B, M), (H, L), (F, L)], 7: [(L, M), (A, F), (E, L), (F, L), (J, M), (B, M), (G, H), (I, M), (D, L), (C, M), (H, L)], 8: [(L, M), (F, L), (J, M), (H, L), (C, M), (A, F), (B, M), (G, H), (E, L), (I, M), (D, L)], 9: [(B, M), (I, M), (L, M), (G, H), (J, M), (F, L), (H, L), (E, L), (D, L), (A, F)], 10: [(H, L), (F, L), (G, H), (E, L), (I, M), (L, M), (D, L), (J, M), (A, F), (B, M)], 11: [(E, L), (A, F), (G, H), (I, M), (L, M), (D, L), (J, M), (B, M), (C, M), (H, L), (F, L)]}","{1: [(A, [0]), (B, [1]), (C, [2]), (D, [3]), (E, [4]), (F, [5]), (G, [6]), (H, [7]), (I, [8]), (J, [9]), (K, [10]), (L, [11]), (M, [12, 13])], 2: [(G, [6]), (I, [8]), (J, [9]), (A, [0]), (F, [5]), (M, [12, 13]), (B, [1]), (L, [11]), (K, [10]), (D, [3]), (C, [2]), (E, [4]), (H, [7])], 3: [(L, [11]), (K, [10]), (B, [1]), (D, [3]), (A, [0]), (E, [4]), (J, [9]), (F, [5]), (H, [7]), (M, [12, 13]), (G, [6]), (I, [8]), (C, [2])], 4: [(B, [1]), (D, [3]), (A, [0]), (E, [4]), (H, [7]), (F, [5]), (M, [12, 13]), (I, [8]), (G, [6]), (L, [11]), (C, [2]), (K, [10]), (J, [9])], 5: [(C, [2]), (E, [4]), (L, [11]), (H, [7]), (F, [5]), (D, [3]), (B, [1]), (K, [10]), (I, [8]), (M, [12, 13]), (G, [6]), (J, [9]), (A, [0])], 6: [(L, [11]), (D, [3]), (F, [5]), (E, [4]), (H, [7]), (K, [10]), (B, [1]), (I, [8]), (M, [12, 13]), (J, [9]), (G, [6]), (A, [0]), (C, [2])], 7: [(C, [2]), (A, [0]), (E, [4]), (D, [3]), (M, [12, 13]), (L, [11]), (G, [6]), (I, [8]), (J, [9]), (B, [1]), (H, [7]), (K, [10]), (F, [5])], 8: [(L, [11]), (A, [0]), (E, [4]), (F, [5]), (J, [9]), (M, [12, 13]), (B, [1]), (K, [10]), (G, [6]), (I, [8]), (D, [3]), (C, [2]), (H, [7])], 9: [(L, [11]), (F, [5]), (J, [9]), (H, [7]), (C, [2]), (A, [0]), (B, [1]), (G, [6]), (K, [10]), (M, [12, 13]), (E, [4]), (I, [8]), (D, [3])], 10: [(B, [1]), (C, [2]), (I, [8]), (L, [11]), (G, [6]), (J, [9]), (F, [5]), (H, [7]), (E, [4]), (M, [12, 13]), (D, [3]), (K, [10]), (A, [0])], 11: [(C, [2]), (H, [7]), (F, [5]), (G, [6]), (M, [12, 13]), (E, [4]), (I, [8]), (L, [11]), (D, [3]), (K, [10]), (J, [9]), (A, [0]), (B, [1])]}"
4,6,0.6701702329614548,48,0.15734764960454578,0.40760717766577237,0.745281295410991,2,0.1,0.1542075662480586,12,"{0: [], 1: [(D, 3), (D, 4), (D, 5)], 2: [(D, 5)], 3: [(D, 5)], 4: [(A, 0), (D, 5)], 5: [], 6: [(C, 2)], 7: [(C, 2), (A, 0), (D, 4)], 8: [(D, 5)], 9: [(D, 4), (C, 2)], 10: [(D, 5)], 11: [(C, 2)]}","{0: [], 1: [(B, D), (A, D), (C, D)], 2: [(B, D), (C, D), (A, D)], 3: [(C, D), (B, D), (A, D)], 4: [(C, D), (B, D)], 5: [(C, D), (B, D), (A, D)], 6: [(B, D), (A, D)], 7: [(B, D)], 8: [(B, D), (C, D)], 9: [(B, D)], 10: [(C, D)], 11: [(B, D)]}","{1: [(A, [0]), (B, [1]), (C, [2]), (D, [3, 4, 5])], 2: [(B, [1]), (D, [3, 4, 5]), (A, [0]), (C, [2])], 3: [(B, [1]), (D, [3, 4, 5]), (C, [2]), (A, [0])], 4: [(C, [2]), (B, [1]), (A, [0]), (D, [3, 4, 5])], 5: [(A, [0]), (C, [2]), (D, [3, 4, 5]), (B, [1])], 6: [(C, [2]), (B, [1]), (A, [0]), (D, [3, 4, 5])], 7: [(B, [1]), (D, [3, 4, 5]), (A, [0]), (C, [2])], 8: [(C, [2]), (A, [0]), (B, [1]), (D, [3, 4, 5])], 9: [(A, [0]), (B, [1]), (C, [2]), (D, [3, 4, 5])], 10: [(D, [3, 4, 5]), (C, [2]), (A, [0]), (B, [1])], 11: [(D, [3, 4, 5]), (A, [0]), (C, [2]), (B, [1])]}"
11,12,0.23414334878238585,43,0.13642754727257084,0.469271477145635,0.6321699086107299,3,0.1,0.03102030525312216,14,"{0: [], 1: [(K, 11), (A, 0), (H, 7), (G, 6), (I, 8), (J, 9), (C, 2)], 2: [(A, 0), (K, 11), (J, 9), (J, 10), (G, 6), (I, 8), (H, 4), (H, 7), (C, 2)], 3: [(H, 4), (H, 7), (I, 8), (G, 6), (K, 11), (C, 2), (A, 0), (J, 9), (J, 10)], 4: [(H, 7), (J, 9), (J, 10), (G, 6), (C, 2), (K, 11)], 5: [(K, 11), (J, 10), (C, 2), (G, 6)], 6: [(K, 11), (C, 2), (G, 6)], 7: [(G, 6), (C, 2), (K, 11)], 8: [(K, 11)], 9: [(K, 11)], 10: [(K, 11), (G, 6)], 11: [(K, 11)]}","{0: [], 1: [(F, G), (B, G), (E, J), (H, E), (D, K), (G, K), (J, K)], 2: [(F, G), (G, K), (D, K), (B, G)], 3: [(F, G), (G, K), (D, K), (B, G)], 4: [(F, G), (B, G), (J, H), (G, K), (D, K)], 5: [(J, H), (F, G), (D, K), (I, J), (G, K), (B, G)], 6: [(B, G), (D, K), (F, G), (G, K)], 7: [(G, K), (B, G), (D, K), (F, G)], 8: [(G, K), (F, G), (B, G), (D, K)], 9: [(D, K), (B, G), (G, K), (F, G)], 10: [(B, G), (G, K), (D, K), (F, G)], 11: [(F, G), (B, G), (G, K), (D, K)]}","{1: [(A, [0]), (B, [1]), (C, [2]), (D, [3]), (E, [4]), (F, [5]), (G, [6]), (H, [7]), (I, [8]), (J, [9]), (K, [10, 11])], 2: [(K, [11]), (F, [5]), (B, [1]), (A, [0]), (H, [4, 7]), (D, [3]), (G, [6]), (I, [8]), (J, [9, 10]), (C, [2])], 3: [(A, [0]), (K, [11]), (J, [9, 10]), (F, [5]), (G, [6]), (D, [3]), (I, [8]), (B, [1]), (H, [4, 7]), (C, [2])], 4: [(H, [4, 7]), (F, [5]), (I, [8]), (G, [6]), (K, [11]), (C, [2]), (A, [0]), (D, [3]), (J, [9, 10]), (B, [1])], 5: [(I, [8]), (F, [5]), (B, [1]), (H, [4, 7]), (J, [9, 10]), (A, [0]), (G, [6]), (C, [2]), (D, [3]), (K, [11])], 6: [(H, [4, 7]), (A, [0]), (K, [11]), (J, [9, 10]), (F, [5]), (D, [3]), (I, [8]), (C, [2]), (G, [6]), (B, [1])], 7: [(J, [9, 10]), (K, [11]), (B, [1]), (D, [3]), (C, [2]), (F, [5]), (G, [6]), (H, [4, 7]), (A, [0]), (I, [8])], 8: [(G, [6]), (B, [1]), (I, [8]), (C, [2]), (H, [4, 7]), (D, [3]), (F, [5]), (A, [0]), (K, [11]), (J, [9, 10])], 9: [(H, [4, 7]), (C, [2]), (G, [6]), (I, [8]), (J, [9, 10]), (F, [5]), (A, [0]), (B, [1]), (D, [3]), (K, [11])], 10: [(D, [3]), (B, [1]), (H, [4, 7]), (A, [0]), (C, [2]), (K, [11]), (J, [9, 10]), (G, [6]), (I, [8]), (F, [5])], 11: [(A, [0]), (I, [8]), (C, [2]), (K, [11]), (H, [4, 7]), (B, [1]), (G, [6]), (D, [3]), (J, [9, 10]), (F, [5])]}"
11,12,0.541860249762425,47,0.19431782189425595,0.10296539288808321,0.3839477246210452,5,0.1,0.06735891475444883,8,"{0: [], 1: [(E, 4), (G, 6), (J, 9), (F, 5), (I, 8)], 2: [(G, 6), (J, 9), (K, 11), (I, 8)], 3: [(E, 4), (I, 8), (G, 6), (J, 9), (K, 11)], 4: [(B, 1), (I, 8), (G, 6), (G, 10), (K, 11), (J, 9)], 5: [(G, 6), (G, 7), (G, 10), (J, 9)], 6: [(G, 7), (G, 10), (J, 9)], 7: [(J, 9), (G, 6)], 8: [(B, 1), (G, 10)], 9: [(K, 11), (J, 9)], 10: [(J, 9), (K, 11)], 11: [(J, 9)]}","{0: [], 1: [(G, K), (A, J), (B, J), (D, J), (C, G), (H, I), (I, K)], 2: [(A, J), (H, I), (D, J), (C, G), (G, K), (B, J), (E, J), (I, K), (F, K)], 3: [(C, G), (H, I), (I, K), (A, J), (G, K), (B, J), (F, K), (D, J)], 4: [(C, G), (I, K), (F, K), (G, H), (D, J), (H, I), (A, J)], 5: [(I, K), (G, D), (D, J), (C, G), (A, J), (F, K), (B, J), (E, J)], 6: [(C, G), (G, D), (I, K), (F, K), (D, J), (E, J), (A, J), (B, J)], 7: [(C, G), (A, J), (G, C), (I, K), (F, K)], 8: [(A, J), (I, K), (F, K), (E, J), (G, I)], 9: [(F, K), (A, J), (G, B)], 10: [(A, J), (G, K)], 11: [(F, K), (G, K), (A, J)]}","{1: [(A, [0]), (B, [1]), (C, [2]), (D, [3]), (E, [4]), (F, [5]), (G, [6]), (H, [7]), (I, [8]), (J, [9]), (K, [10, 11])], 2: [(E, [4]), (G, [6]), (J, [9]), (F, [5]), (A, [0]), (B, [1]), (K, [10, 11]), (D, [3]), (C, [2]), (H, [7]), (I, [8])], 3: [(A, [0]), (H, [7]), (D, [3]), (C, [2]), (G, [6]), (B, [1]), (J, [9]), (E, [4]), (K, [10, 11]), (I, [8]), (F, [5])], 4: [(C, [2]), (E, [4]), (H, [7]), (I, [8]), (A, [0]), (G, [6, 10]), (B, [1]), (J, [9]), (K, [11]), (F, [5]), (D, [3])], 5: [(B, [1]), (C, [2]), (I, [8]), (F, [5]), (G, [6, 7, 10]), (E, [4]), (D, [3]), (K, [11]), (J, [9]), (A, [0])], 6: [(I, [8]), (G, [6, 7, 10]), (D, [3]), (C, [2]), (A, [0]), (F, [5]), (J, [9]), (K, [11]), (B, [1]), (E, [4])], 7: [(C, [2]), (G, [3, 6, 7, 10]), (I, [8]), (K, [11]), (F, [5]), (E, [4]), (A, [0]), (B, [1]), (J, [9])], 8: [(K, [11]), (B, [1]), (E, [4]), (J, [9]), (A, [0]), (G, [2, 3, 6, 7, 10]), (I, [8]), (F, [5])], 9: [(B, [1]), (A, [0]), (F, [5]), (E, [4]), (K, [11]), (J, [9]), (G, [2, 3, 6, 7, 8, 10])], 10: [(K, [11]), (F, [5]), (E, [4]), (A, [0]), (J, [9]), (G, [1, 2, 3, 6, 7, 8, 10])], 11: [(E, [4]), (J, [9]), (K, [11]), (A, [0]), (F, [5]), (G, [1, 2, 3, 6, 7, 8, 10])]}"
10,11,0.4413708783783853,40,0.2021947082615656,0.4228656718084344,0.43923522857224906,1,0.1,0.3238786128088837,13,"{0: [], 1: [(I, 8), (G, 6), (J, 9), (J, 10)], 2: [(I, 8), (J, 7), (J, 9), (J, 10), (F, 5)], 3: [(F, 5), (J, 7), (J, 10)], 4: [(J, 9), (G, 6), (F, 5)], 5: [(F, 5), (G, 6), (J, 9)], 6: [(G, 6), (F, 5), (J, 9)], 7: [(J, 9), (F, 5)], 8: [(J, 9), (F, 5)], 9: [(F, 5)], 10: [], 11: []}","{0: [], 1: [(B, J), (I, H), (F, J), (H, J), (A, I), (D, J), (C, I), (E, J)], 2: [(C, I), (A, I), (B, J), (G, J), (D, J), (E, J)], 3: [(D, J), (E, J), (B, J), (A, I), (C, I), (G, J)], 4: [(C, I), (A, I), (B, J), (E, J), (D, J)], 5: [(D, J), (E, J), (A, I), (C, I), (B, J)], 6: [(A, I), (D, J), (B, J), (E, J), (C, I)], 7: [(A, I), (C, I), (D, J), (E, J), (B, J)], 8: [(A, I), (C, I), (B, J), (D, J), (E, J)], 9: [(E, J), (D, J), (B, J), (I, J), (A, I), (C, I)], 10: [(D, J), (G, J), (I, J), (A, I), (B, J), (E, J), (F, J), (C, I)], 11: [(G, J), (D, J), (F, J), (A, I), (C, I), (E, J), (B, J), (I, J)]}","{1: [(A, [0]), (B, [1]), (C, [2]), (D, [3]), (E, [4]), (F, [5]), (G, [6]), (H, [7]), (I, [8]), (J, [9, 10])], 2: [(B, [1]), (I, [8]), (F, [5]), (A, [0]), (G, [6]), (D, [3]), (C, [2]), (E, [4]), (J, [7, 9, 10])], 3: [(C, [2]), (A, [0]), (B, [1]), (G, [6]), (D, [3]), (I, [8]), (E, [4]), (J, [7, 9, 10]), (F, [5])], 4: [(F, [5]), (D, [3]), (E, [4]), (B, [1]), (A, [0]), (C, [2]), (G, [6]), (I, [8]), (J, [7, 9, 10])], 5: [(J, [7, 9, 10]), (I, [8]), (G, [6]), (F, [5]), (C, [2]), (A, [0]), (B, [1]), (E, [4]), (D, [3])], 6: [(F, [5]), (G, [6]), (I, [8]), (D, [3]), (E, [4]), (A, [0]), (J, [7, 9, 10]), (C, [2]), (B, [1])], 7: [(A, [0]), (D, [3]), (G, [6]), (I, [8]), (B, [1]), (E, [4]), (F, [5]), (J, [7, 9, 10]), (C, [2])], 8: [(A, [0]), (J, [7, 9, 10]), (C, [2]), (D, [3]), (E, [4]), (B, [1]), (F, [5]), (G, [6]), (I, [8])], 9: [(A, [0]), (C, [2]), (B, [1]), (D, [3]), (G, [6]), (E, [4]), (J, [7, 9, 10]), (F, [5]), (I, [8])], 10: [(E, [4]), (D, [3]), (B, [1]), (J, [9, 10]), (I, [7, 8]), (A, [0]), (G, [6]), (F, [5]), (C, [2])], 11: [(D, [3]), (G, [6]), (I, [7, 8]), (A, [0]), (B, [1]), (E, [4]), (J, [9, 10]), (F, [5]), (C, [2])]}"
12,13,0.34051188229214646,56,0.10714166052572198,0.16893976809001182,0.276988275042769,3,0.1,0.002762679644132293,10,"{0: [], 1: [(I, 8), (J, 9), (K, 10), (L, 11), (L, 12)], 2: [(J, 9), (I, 8), (K, 10)], 3: [(I, 8), (J, 9)], 4: [(J, 9), (I, 8)], 5: [(J, 9), (I, 8)], 6: [(J, 9), (I, 8)], 7: [(I, 8), (J, 9)], 8: [(I, 8), (J, 9)], 9: [(I, 8), (J, 9)], 10: [(J, 9), (I, 8)], 11: [(I, 8), (J, 9)]}","{0: [], 1: [(I, L), (E, L), (J, L), (K, H), (C, L), (F, K), (D, L), (G, J), (A, I), (H, K), (B, L)], 2: [(B, L), (J, L), (I, L), (K, F), (F, K), (A, I), (G, J), (E, L), (D, L), (C, L)], 3: [(G, J), (D, L), (I, L), (A, I), (K, B), (J, L), (E, L), (B, L), (C, L)], 4: [(K, L), (G, J), (C, L), (J, L), (A, I), (I, L), (E, L), (D, L)], 5: [(G, J), (A, I), (J, L), (D, L), (E, L), (C, L), (I, L), (K, L)], 6: [(E, L), (K, L), (J, L), (C, L), (A, I), (G, J), (I, L), (D, L)], 7: [(A, I), (G, J), (I, L), (K, L), (C, L), (E, L), (J, L), (D, L)], 8: [(C, L), (K, L), (G, J), (D, L), (I, L), (J, L), (A, I), (E, L)], 9: [(C, L), (G, J), (I, L), (A, I), (J, L), (K, L), (D, L), (E, L)], 10: [(G, J), (J, L), (I, L), (A, I), (E, L), (D, L), (K, L), (C, L)], 11: [(C, L), (G, J), (K, L), (A, I), (I, L), (E, L), (J, L), (D, L)]}","{1: [(A, [0]), (B, [1]), (C, [2]), (D, [3]), (E, [4]), (F, [5]), (G, [6]), (H, [7]), (I, [8]), (J, [9]), (K, [10]), (L, [11, 12])], 2: [(I, [8]), (E, [4]), (J, [9]), (K, [7, 10]), (C, [2]), (F, [5]), (D, [3]), (G, [6]), (A, [0]), (B, [1]), (L, [11, 12])], 3: [(B, [1]), (J, [9]), (I, [8]), (K, [5, 7, 10]), (A, [0]), (G, [6]), (L, [11, 12]), (E, [4]), (D, [3]), (C, [2])], 4: [(L, [11, 12]), (G, [6]), (D, [3]), (I, [8]), (A, [0]), (K, [1, 5, 7, 10]), (J, [9]), (E, [4]), (C, [2])], 5: [(K, [1, 5, 7, 10]), (G, [6]), (C, [2]), (J, [9]), (A, [0]), (I, [8]), (E, [4]), (L, [11, 12]), (D, [3])], 6: [(G, [6]), (A, [0]), (J, [9]), (D, [3]), (E, [4]), (C, [2]), (L, [11, 12]), (I, [8]), (K, [1, 5, 7, 10])], 7: [(E, [4]), (K, [1, 5, 7, 10]), (J, [9]), (C, [2]), (L, [11, 12]), (A, [0]), (G, [6]), (I, [8]), (D, [3])], 8: [(A, [0]), (G, [6]), (I, [8]), (K, [1, 5, 7, 10]), (C, [2]), (E, [4]), (J, [9]), (L, [11, 12]), (D, [3])], 9: [(C, [2]), (L, [11, 12]), (K, [1, 5, 7, 10]), (G, [6]), (D, [3]), (I, [8]), (J, [9]), (A, [0]), (E, [4])], 10: [(C, [2]), (G, [6]), (I, [8]), (A, [0]), (J, [9]), (K, [1, 5, 7, 10]), (D, [3]), (L, [11, 12]), (E, [4])], 11: [(G, [6]), (J, [9]), (I, [8]), (L, [11, 12]), (A, [0]), (E, [4]), (D, [3]), (K, [1, 5, 7, 10]), (C, [2])]}"
16,17,0.4180727325876458,54,0.2901780548048575,0.12993114716553836,0.49079502800208874,1,0.1,0.09221203522508153,12,"{0: [], 1: [(O, 14), (M, 12), (N, 13), (P, 15), (P, 16)], 2: [(K, 10), (O, 14), (N, 13), (P, 15), (P, 16)], 3: [(P, 15), (P, 16), (N, 13), (O, 14)], 4: [(P, 15), (P, 16), (N, 13), (O, 14)], 5: [(O, 14), (P, 15), (M, 12), (C, 2), (G, 6), (N, 13)], 6: [(I, 8), (P, 15), (C, 2), (N, 13)], 7: [(N, 13), (C, 2), (K, 10), (I, 8)], 8: [(M, 12), (C, 2), (N, 13), (I, 8)], 9: [(C, 2), (N, 13), (I, 8)], 10: [(N, 13), (C, 2)], 11: [(N, 13), (I, 8)]}","{0: [], 1: [(F, M), (O, L), (G, P), (L, P), (N, M), (J, O), (A, N), (E, P), (B, O), (D, O), (I, P), (K, P), (C, P), (H, M)], 2: [(C, P), (E, P), (O, P), (J, O), (D, O), (N, M), (G, P), (F, M), (B, O), (H, M), (A, N), (I, P)], 3: [(H, M), (N, M), (E, P), (G, P), (M, P), (A, N), (D, O), (O, P), (J, O), (B, O), (K, P), (F, M), (C, P), (I, P)], 4: [(C, P), (E, P), (A, N), (B, O), (F, M), (G, P), (D, O), (J, O), (K, P), (I, P), (H, M), (N, M), (O, P)], 5: [(O, P), (I, P), (E, P), (B, O), (K, P), (N, M), (F, M), (A, N), (D, O), (H, M)], 6: [(A, N), (D, O), (G, P), (B, O), (F, M), (H, M), (O, P), (N, M), (J, O)], 7: [(A, N), (O, P), (H, M), (N, M), (D, O), (F, M), (B, O)], 8: [(B, O), (A, N), (F, M), (H, M), (N, M), (O, P), (D, O)], 9: [(A, N), (F, M), (H, M), (B, O), (O, P), (D, O), (N, M)], 10: [(B, O), (N, M), (F, M), (D, O), (A, N), (O, P), (H, M)], 11: [(A, N), (N, M), (F, M), (D, O), (B, O), (J, O), (H, M), (O, P)]}","{1: [(A, [0]), (B, [1]), (C, [2]), (D, [3]), (E, [4]), (F, [5]), (G, [6]), (H, [7]), (I, [8]), (J, [9]), (K, [10]), (L, [11]), (M, [12]), (N, [13]), (O, [14]), (P, [15, 16])], 2: [(F, [5]), (O, [14]), (M, [12]), (G, [6]), (N, [13]), (P, [11, 15, 16]), (J, [9]), (A, [0]), (E, [4]), (B, [1]), (D, [3]), (I, [8]), (K, [10]), (C, [2]), (H, [7])], 3: [(M, [12]), (K, [10]), (C, [2]), (E, [4]), (O, [11, 14]), (J, [9]), (D, [3]), (N, [13]), (G, [6]), (P, [15, 16]), (F, [5]), (B, [1]), (H, [7]), (A, [0]), (I, [8])], 4: [(H, [7]), (P, [15, 16]), (N, [13]), (E, [4]), (G, [6]), (M, [12]), (A, [0]), (D, [3]), (O, [11, 14]), (J, [9]), (B, [1]), (K, [10]), (F, [5]), (C, [2]), (I, [8])], 5: [(C, [2]), (E, [4]), (A, [0]), (B, [1]), (F, [5]), (G, [6]), (D, [3]), (J, [9]), (K, [10]), (P, [15, 16]), (I, [8]), (M, [12]), (H, [7]), (N, [13]), (O, [11, 14])], 6: [(O, [11, 14]), (P, [15, 16]), (J, [9]), (M, [12]), (I, [8]), (C, [2]), (G, [6]), (E, [4]), (B, [1]), (K, [10]), (N, [13]), (F, [5]), (A, [0]), (D, [3]), (H, [7])], 7: [(A, [0]), (I, [8]), (D, [3]), (P, [15, 16]), (G, [6]), (B, [1]), (E, [4]), (C, [2]), (F, [5]), (H, [7]), (O, [11, 14]), (N, [13]), (M, [12]), (K, [10]), (J, [9])], 8: [(A, [0]), (E, [4]), (J, [9]), (O, [11, 14]), (G, [6]), (H, [7]), (N, [13]), (D, [3]), (C, [2]), (K, [10]), (P, [15, 16]), (F, [5]), (B, [1]), (I, [8]), (M, [12])], 9: [(B, [1]), (A, [0]), (M, [12]), (C, [2]), (F, [5]), (H, [7]), (N, [13]), (P, [15, 16]), (J, [9]), (K, [10]), (G, [6]), (E, [4]), (I, [8]), (O, [11, 14]), (D, [3])], 10: [(P, [15, 16]), (M, [12]), (A, [0]), (J, [9]), (F, [5]), (C, [2]), (K, [10]), (H, [7]), (B, [1]), (O, [11, 14]), (D, [3]), (N, [13]), (G, [6]), (E, [4]), (I, [8])], 11: [(G, [6]), (J, [9]), (B, [1]), (N, [13]), (M, [12]), (K, [10]), (F, [5]), (D, [3]), (A, [0]), (C, [2]), (O, [11, 14]), (E, [4]), (P, [15, 16]), (I, [8]), (H, [7])]}"
15,16,0.540027340986131,43,0.1832702375817033,0.42418717300996767,0.4676626821762788,3,0.1,0.26574985274707325,8,"{0: [], 1: [(J, 9), (M, 12), (C, 2), (N, 13), (O, 14), (O, 15), (A, 0), (L, 11)], 2: [(N, 13), (G, 6), (L, 11), (M, 12), (E, 4), (J, 9)], 3: [(C, 2), (A, 0), (N, 13), (G, 6), (E, 4), (M, 12)], 4: [(M, 12), (N, 13), (D, 3), (F, 5), (A, 0), (J, 9)], 5: [(M, 12), (D, 3), (F, 5), (N, 13)], 6: [(C, 2), (N, 13), (F, 5), (B, 1), (M, 12), (I, 8), (D, 3), (J, 9)], 7: [(A, 0), (N, 13), (M, 12), (B, 1), (D, 3)], 8: [(D, 3), (I, 8), (F, 5), (N, 13), (B, 1)], 9: [(I, 8), (D, 3), (B, 1), (N, 13)], 10: [(D, 3), (F, 5), (B, 1)], 11: [(N, 13), (B, 1), (D, 3), (F, 5)]}","{0: [], 1: [(I, O), (M, O), (N, O), (H, N), (E, N), (L, K), (F, O), (G, N), (B, O), (K, M), (D, O)], 2: [(K, M), (N, O), (F, O), (H, N), (L, K), (M, O), (D, O), (I, O), (B, O), (A, L), (C, O)], 3: [(H, N), (N, O), (B, O), (F, O), (J, O), (D, O), (I, O), (L, M)], 4: [(L, M), (B, O), (G, N), (N, O), (E, N), (H, N), (C, O)], 5: [(H, N), (L, M), (G, N), (N, O), (E, N)], 6: [(L, M), (H, N), (E, N), (G, N), (A, L)], 7: [(E, N), (G, N), (H, N), (L, M)], 8: [(H, N), (E, N), (L, M), (G, N)], 9: [(H, N), (L, M), (G, N), (E, N)], 10: [(G, N), (E, N), (A, L), (H, N), (L, M)], 11: [(G, N), (H, N), (E, N), (L, M)]}","{1: [(A, [0]), (B, [1]), (C, [2]), (D, [3]), (E, [4]), (F, [5]), (G, [6]), (H, [7]), (I, [8]), (J, [9]), (K, [10]), (L, [11]), (M, [12]), (N, [13]), (O, [14, 15])], 2: [(J, [9]), (I, [8]), (M, [12]), (C, [2]), (N, [13]), (O, [14, 15]), (H, [7]), (A, [0]), (E, [4]), (L, [11]), (F, [5]), (G, [6]), (B, [1]), (K, [10]), (D, [3])], 3: [(N, [13]), (G, [6]), (F, [5]), (H, [7]), (L, [10, 11]), (M, [12]), (D, [3]), (I, [8]), (B, [1]), (E, [4]), (J, [9]), (A, [0]), (O, [14, 15]), (C, [2])], 4: [(O, [14, 15]), (C, [2]), (A, [0]), (H, [7]), (N, [13]), (B, [1]), (F, [5]), (G, [6]), (E, [4]), (J, [9]), (D, [3]), (M, [12]), (I, [8]), (L, [10, 11])], 5: [(I, [8]), (L, [10, 11]), (M, [12]), (B, [1]), (G, [6]), (O, [14, 15]), (N, [13]), (E, [4]), (D, [3]), (F, [5]), (H, [7]), (A, [0]), (J, [9]), (C, [2])], 6: [(O, [14, 15]), (H, [7]), (M, [12]), (L, [10, 11]), (B, [1]), (G, [6]), (I, [8]), (D, [3]), (C, [2]), (A, [0]), (F, [5]), (N, [13]), (E, [4]), (J, [9])], 7: [(L, [10, 11]), (O, [14, 15]), (C, [2]), (H, [7]), (E, [4]), (N, [13]), (F, [5]), (B, [1]), (M, [12]), (G, [6]), (A, [0]), (I, [8]), (D, [3]), (J, [9])], 8: [(A, [0]), (N, [13]), (C, [2]), (M, [12]), (B, [1]), (F, [5]), (E, [4]), (O, [14, 15]), (G, [6]), (I, [8]), (D, [3]), (H, [7]), (J, [9]), (L, [10, 11])], 9: [(H, [7]), (C, [2]), (D, [3]), (A, [0]), (J, [9]), (O, [14, 15]), (M, [12]), (I, [8]), (F, [5]), (N, [13]), (B, [1]), (E, [4]), (L, [10, 11]), (G, [6])], 10: [(H, [7]), (I, [8]), (J, [9]), (D, [3]), (L, [10, 11]), (M, [12]), (G, [6]), (B, [1]), (A, [0]), (E, [4]), (O, [14, 15]), (C, [2]), (N, [13]), (F, [5])], 11: [(G, [6]), (C, [2]), (E, [4]), (N, [13]), (J, [9]), (A, [0]), (I, [8]), (O, [14, 15]), (H, [7]), (D, [3]), (M, [12]), (F, [5]), (B, [1]), (L, [10, 11])]}"
8,10,0.43674751375130105,47,0.15172473989420548,0.4549402880441782,0.6435501379446962,3,0.1,0.3511519133835447,7,"{0: [], 1: [(E, 4), (H, 7), (H, 8), (H, 9), (G, 6)], 2: [(G, 6), (B, 1)], 3: [(G, 6)], 4: [(G, 6)], 5: [(G, 6)], 6: [(G, 6)], 7: [(G, 6)], 8: [(G, 6)], 9: [(G, 6)], 10: [(G, 6)], 11: [(G, 6)]}","{0: [], 1: [(C, H), (D, H), (G, H), (A, H), (B, H), (F, G)], 2: [(A, H), (D, H), (F, G), (E, H), (C, H)], 3: [(F, G), (A, H), (E, H), (B, H), (G, H), (C, H), (D, H)], 4: [(A, H), (F, G), (B, H), (C, H), (E, H), (G, H), (D, H)], 5: [(A, H), (G, H), (B, H), (F, G), (E, H), (C, H), (D, H)], 6: [(D, H), (G, H), (E, H), (A, H), (C, H), (F, G), (B, H)], 7: [(E, H), (D, H), (B, H), (C, H), (G, H), (F, G), (A, H)], 8: [(E, H), (D, H), (G, H), (C, H), (F, G), (A, H)], 9: [(C, H), (A, H), (G, H), (D, H), (B, H), (E, H), (F, G)], 10: [(F, G), (A, H), (D, H), (E, H), (C, H), (B, H)], 11: [(D, H), (B, H), (G, H), (F, G), (A, H), (C, H), (E, H)]}","{1: [(A, [0]), (B, [1]), (C, [2]), (D, [3]), (E, [4]), (F, [5]), (G, [6]), (H, [7, 8, 9])], 2: [(E, [4]), (C, [2]), (H, [7, 8, 9]), (D, [3]), (G, [6]), (A, [0]), (B, [1]), (F, [5])], 3: [(G, [6]), (H, [7, 8, 9]), (B, [1]), (A, [0]), (D, [3]), (F, [5]), (E, [4]), (C, [2])], 4: [(F, [5]), (A, [0]), (H, [7, 8, 9]), (E, [4]), (B, [1]), (G, [6]), (C, [2]), (D, [3])], 5: [(A, [0]), (F, [5]), (B, [1]), (C, [2]), (E, [4]), (H, [7, 8, 9]), (G, [6]), (D, [3])], 6: [(A, [0]), (G, [6]), (B, [1]), (F, [5]), (E, [4]), (H, [7, 8, 9]), (C, [2]), (D, [3])], 7: [(D, [3]), (G, [6]), (E, [4]), (A, [0]), (C, [2]), (F, [5]), (H, [7, 8, 9]), (B, [1])], 8: [(E, [4]), (D, [3]), (B, [1]), (H, [7, 8, 9]), (C, [2]), (G, [6]), (F, [5]), (A, [0])], 9: [(B, [1]), (E, [4]), (D, [3]), (G, [6]), (C, [2]), (F, [5]), (A, [0]), (H, [7, 8, 9])], 10: [(C, [2]), (A, [0]), (G, [6]), (D, [3]), (H, [7, 8, 9]), (B, [1]), (E, [4]), (F, [5])], 11: [(F, [5]), (G, [6]), (A, [0]), (D, [3]), (H, [7, 8, 9]), (E, [4]), (C, [2]), (B, [1])]}"
8,9,0.27844634646884203,45,0.14165137741797723,0.4088165706301602,0.6631653252412645,1,0.1,0.41101701277238334,15,"{0: [], 1: [(H, 7), (H, 8), (E, 4), (G, 6)], 2: [(E, 4), (G, 6)], 3: [(G, 6), (E, 4)], 4: [(G, 6), (E, 4)], 5: [(G, 6), (E, 4)], 6: [(G, 6), (E, 4)], 7: [(E, 4), (G, 6)], 8: [(G, 6), (E, 4)], 9: [(E, 4), (G, 6)], 10: [(G, 6), (E, 4)], 11: [(E, 4)]}","{0: [], 1: [(F, H), (D, H), (A, E), (E, H), (C, G), (G, D), (B, H)], 2: [(B, H), (F, H), (C, G), (E, H), (G, H), (A, E)], 3: [(G, H), (B, H), (F, H), (C, G), (E, H), (A, E)], 4: [(G, H), (A, E), (C, G), (B, H), (F, H), (E, H)], 5: [(B, H), (G, H), (E, H), (A, E), (F, H), (C, G)], 6: [(A, E), (C, G), (G, H), (F, H), (B, H), (E, H)], 7: [(C, G), (E, H), (F, H), (B, H), (G, H), (A, E)], 8: [(G, H), (F, H), (C, G), (A, E), (B, H), (E, H)], 9: [(F, H), (E, H), (G, H), (A, E), (C, G), (B, H)], 10: [(G, H), (A, E), (B, H), (C, G), (E, H), (F, H)], 11: [(F, H), (A, E), (C, G), (E, H), (G, H), (B, H)]}","{1: [(A, [0]), (B, [1]), (C, [2]), (D, [3]), (E, [4]), (F, [5]), (G, [6]), (H, [7, 8])], 2: [(F, [5]), (H, [3, 7, 8]), (A, [0]), (E, [4]), (C, [2]), (G, [6]), (B, [1])], 3: [(B, [1]), (F, [5]), (C, [2]), (E, [4]), (G, [3, 6]), (H, [7, 8]), (A, [0])], 4: [(G, [3, 6]), (B, [1]), (H, [7, 8]), (F, [5]), (C, [2]), (E, [4]), (A, [0])], 5: [(G, [3, 6]), (A, [0]), (C, [2]), (B, [1]), (H, [7, 8]), (F, [5]), (E, [4])], 6: [(B, [1]), (G, [3, 6]), (E, [4]), (A, [0]), (H, [7, 8]), (F, [5]), (C, [2])], 7: [(A, [0]), (C, [2]), (G, [3, 6]), (F, [5]), (B, [1]), (H, [7, 8]), (E, [4])], 8: [(C, [2]), (E, [4]), (H, [7, 8]), (F, [5]), (B, [1]), (G, [3, 6]), (A, [0])], 9: [(G, [3, 6]), (H, [7, 8]), (F, [5]), (C, [2]), (A, [0]), (B, [1]), (E, [4])], 10: [(F, [5]), (E, [4]), (G, [3, 6]), (H, [7, 8]), (A, [0]), (C, [2]), (B, [1])], 11: [(G, [3, 6]), (A, [0]), (B, [1]), (C, [2]), (E, [4]), (H, [7, 8]), (F, [5])]}"
8,9,0.7321455498040419,36,0.14731508094584433,0.15597669717554088,0.14383098470387617,1,0.1,0.28689022344672177,11,"{0: [], 1: [(H, 7), (H, 8)], 2: [], 3: [], 4: [(G, 6)], 5: [(F, 5), (D, 3)], 6: [(E, 4), (D, 3), (F, 5)], 7: [(D, 3), (C, 2), (G, 6), (E, 4)], 8: [(C, 2), (G, 6), (F, 5)], 9: [(C, 2), (G, 6), (D, 3), (B, 1), (H, 7), (F, 5)], 10: [], 11: []}","{0: [], 1: [(D, H), (E, H), (A, H), (B, H), (F, H), (C, H), (G, H)], 2: [(D, H), (B, H), (C, H), (F, H), (A, H), (E, H), (G, H)], 3: [(B, H), (F, H), (E, H), (G, H), (C, H), (A, H), (D, H)], 4: [(F, H), (B, H), (E, H), (C, H), (A, H), (D, H)], 5: [(B, H), (E, H), (A, H), (G, H), (C, H)], 6: [(A, H), (B, H), (G, H), (C, H)], 7: [(A, H), (B, H), (F, H)], 8: [(A, H), (D, H), (B, H)], 9: [(A, H)], 10: [(D, H), (B, H), (F, H), (E, H), (C, H), (A, H), (G, H)], 11: [(A, H), (D, H), (G, H), (B, H), (C, H), (E, H), (F, H)]}","{1: [(A, [0]), (B, [1]), (C, [2]), (D, [3]), (E, [4]), (F, [5]), (G, [6]), (H, [7, 8])], 2: [(D, [3]), (E, [4]), (A, [0]), (H, [7, 8]), (B, [1]), (F, [5]), (C, [2]), (G, [6])], 3: [(D, [3]), (B, [1]), (H, [7, 8]), (C, [2]), (F, [5]), (A, [0]), (E, [4]), (G, [6])], 4: [(B, [1]), (F, [5]), (E, [4]), (G, [6]), (C, [2]), (A, [0]), (D, [3]), (H, [7, 8])], 5: [(F, [5]), (B, [1]), (E, [4]), (H, [7, 8]), (C, [2]), (A, [0]), (D, [3]), (G, [6])], 6: [(F, [5]), (B, [1]), (E, [4]), (A, [0]), (H, [7, 8]), (G, [6]), (D, [3]), (C, [2])], 7: [(A, [0]), (H, [7, 8]), (E, [4]), (B, [1]), (G, [6]), (C, [2]), (D, [3]), (F, [5])], 8: [(A, [0]), (H, [7, 8]), (D, [3]), (B, [1]), (C, [2]), (G, [6]), (E, [4]), (F, [5])], 9: [(E, [4]), (A, [0]), (D, [3]), (B, [1]), (H, [7, 8]), (C, [2]), (G, [6]), (F, [5])], 10: [(E, [4]), (C, [2]), (G, [6]), (A, [0]), (D, [3]), (B, [1]), (H, [7, 8]), (F, [5])], 11: [(H, [7, 8]), (D, [3]), (B, [1]), (F, [5]), (E, [4]), (C, [2]), (A, [0]), (G, [6])]}"
6,14,0.23790020282223487,46,0.15662029952803025,0.24366981791176934,0.6693795203456295,3,0.1,0.12181720518407263,15,"{0: [], 1: [(D, 3), (E, 4), (F, 5), (F, 6), (F, 7), (F, 8), (F, 9), (F, 10), (F, 11), (F, 12), (F, 13), (A, 0)], 2: [(D, 3), (C, 2), (A, 0), (E, 4)], 3: [(A, 0), (C, 2), (D, 3)], 4: [(D, 3), (C, 2), (A, 0)], 5: [(D, 3), (A, 0), (C, 2)], 6: [(D, 3), (C, 2), (A, 0)], 7: [(C, 2), (D, 3), (A, 0)], 8: [(C, 2), (A, 0), (D, 3)], 9: [(D, 3)], 10: [(D, 3), (A, 0)], 11: []}","{0: [], 1: [(B, D), (D, F), (C, F)], 2: [(B, D)], 3: [(B, D)], 4: [(B, D)], 5: [(B, D)], 6: [(B, D)], 7: [(B, D)], 8: [(B, D)], 9: [(B, D)], 10: [(B, D)], 11: [(B, D)]}","{1: [(A, [0]), (B, [1]), (C, [2]), (D, [3]), (E, [4]), (F, [5, 6, 7, 8, 9, 10, 11, 12, 13])], 2: [(B, [1]), (D, [3]), (E, [4]), (F, [5, 6, 7, 8, 9, 10, 11, 12, 13]), (A, [0]), (C, [2])], 3: [(D, [3]), (C, [2]), (B, [1]), (A, [0]), (F, [5, 6, 7, 8, 9, 10, 11, 12, 13]), (E, [4])], 4: [(B, [1]), (A, [0]), (C, [2]), (F, [5, 6, 7, 8, 9, 10, 11, 12, 13]), (D, [3]), (E, [4])], 5: [(E, [4]), (D, [3]), (C, [2]), (B, [1]), (A, [0]), (F, [5, 6, 7, 8, 9, 10, 11, 12, 13])], 6: [(B, [1]), (D, [3]), (A, [0]), (C, [2]), (F, [5, 6, 7, 8, 9, 10, 11, 12, 13]), (E, [4])], 7: [(E, [4]), (F, [5, 6, 7, 8, 9, 10, 11, 12, 13]), (B, [1]), (D, [3]), (C, [2]), (A, [0])], 8: [(C, [2]), (D, [3]), (F, [5, 6, 7, 8, 9, 10, 11, 12, 13]), (E, [4]), (A, [0]), (B, [1])], 9: [(C, [2]), (B, [1]), (F, [5, 6, 7, 8, 9, 10, 11, 12, 13]), (A, [0]), (E, [4]), (D, [3])], 10: [(D, [3]), (C, [2]), (A, [0]), (B, [1]), (E, [4]), (F, [5, 6, 7, 8, 9, 10, 11, 12, 13])], 11: [(D, [3]), (F, [5, 6, 7, 8, 9, 10, 11, 12, 13]), (C, [2]), (E, [4]), (B, [1]), (A, [0])]}"
11,14,0.5162923677096698,49,0.2436457371884082,0.10657655013233064,0.681838982430484,3,0.1,0.1300200232396337,7,"{0: [], 1: [(K, 11), (K, 12), (K, 13), (J, 9)], 2: [(J, 9), (E, 4)], 3: [(J, 9)], 4: [(J, 9)], 5: [(J, 9), (D, 3)], 6: [(J, 9), (J, 10), (K, 11)], 7: [(J, 9), (J, 10), (K, 11), (H, 7)], 8: [(K, 11), (J, 9), (J, 10), (H, 7)], 9: [(I, 8), (H, 7)], 10: [(I, 8), (H, 7)], 11: [(H, 7), (K, 11)]}","{0: [], 1: [(A, K), (J, K), (F, K), (D, K), (H, K), (G, J), (E, K), (I, K), (B, K), (C, K)], 2: [(J, K), (D, K), (B, K), (A, K), (I, K), (F, K), (C, K), (G, J), (H, K)], 3: [(H, K), (E, K), (D, K), (C, K), (I, K), (G, J), (A, K), (B, K), (J, K), (F, K)], 4: [(D, K), (B, K), (C, K), (F, K), (J, K), (A, K), (G, J), (H, K), (I, K)], 5: [(C, K), (J, K), (I, K), (B, K), (H, K), (F, K), (A, K), (G, J)], 6: [(D, K), (I, K), (G, J), (C, K), (J, G), (B, K), (F, K), (H, K), (A, K)], 7: [(I, K), (C, K), (F, K), (J, H), (H, K), (B, K), (A, K), (D, K)], 8: [(B, K), (D, K), (A, K), (C, K), (F, K), (I, K), (E, K), (J, H), (H, K)], 9: [(C, K), (F, K), (J, H), (B, K), (A, K), (E, K), (D, K), (H, K)], 10: [(B, K), (A, K), (C, K), (E, K), (F, K), (H, K), (D, K), (J, H)], 11: [(D, K), (J, H), (H, K), (C, K), (A, K), (E, K), (B, K), (I, K), (F, K)]}","{1: [(A, [0]), (B, [1]), (C, [2]), (D, [3]), (E, [4]), (F, [5]), (G, [6]), (H, [7]), (I, [8]), (J, [9]), (K, [10, 11, 12, 13])], 2: [(K, [10, 11, 12, 13]), (A, [0]), (J, [9]), (F, [5]), (D, [3]), (H, [7]), (G, [6]), (E, [4]), (I, [8]), (B, [1]), (C, [2])], 3: [(J, [9]), (E, [4]), (D, [3]), (B, [1]), (K, [10, 11, 12, 13]), (A, [0]), (I, [8]), (F, [5]), (C, [2]), (G, [6]), (H, [7])], 4: [(H, [7]), (E, [4]), (D, [3]), (C, [2]), (I, [8]), (G, [6]), (A, [0]), (K, [10, 11, 12, 13]), (B, [1]), (J, [9]), (F, [5])], 5: [(D, [3]), (B, [1]), (E, [4]), (C, [2]), (K, [10, 11, 12, 13]), (F, [5]), (J, [9]), (A, [0]), (G, [6]), (H, [7]), (I, [8])], 6: [(K, [11, 12, 13]), (C, [2]), (J, [9, 10]), (I, [8]), (B, [1]), (H, [7]), (F, [5]), (A, [0]), (E, [4]), (G, [6]), (D, [3])], 7: [(D, [3]), (E, [4]), (I, [8]), (C, [2]), (J, [6, 9, 10]), (B, [1]), (K, [11, 12, 13]), (F, [5]), (H, [7]), (A, [0])], 8: [(I, [8]), (C, [2]), (F, [5]), (J, [6, 9, 10]), (E, [4]), (K, [11, 12, 13]), (H, [7]), (B, [1]), (A, [0]), (D, [3])], 9: [(B, [1]), (K, [11, 12, 13]), (D, [3]), (A, [0]), (C, [2]), (F, [5]), (I, [8]), (E, [4]), (J, [6, 9, 10]), (H, [7])], 10: [(C, [2]), (F, [5]), (J, [6, 9, 10]), (B, [1]), (A, [0]), (I, [8]), (E, [4]), (D, [3]), (K, [11, 12, 13]), (H, [7])], 11: [(B, [1]), (A, [0]), (C, [2]), (K, [11, 12, 13]), (E, [4]), (I, [8]), (F, [5]), (H, [7]), (D, [3]), (J, [6, 9, 10])]}"
17,18,0.3784425816149408,53,0.05133222870745151,0.16396343991809847,0.5950819789699392,1,0.1,0.40453235759320466,10,"{0: [], 1: [(C, 2), (A, 0), (Q, 16), (Q, 17), (N, 13), (H, 7), (P, 15)], 2: [(L, 11), (Q, 16), (Q, 17), (P, 15), (K, 10), (C, 2), (H, 7)], 3: [(L, 11), (H, 7), (K, 10), (A, 0), (P, 15)], 4: [(K, 10), (A, 0), (H, 7), (P, 15)], 5: [(A, 0), (K, 10), (P, 15)], 6: [(P, 15), (K, 10), (A, 0)], 7: [(P, 15), (A, 0), (K, 10)], 8: [(K, 10), (P, 15), (A, 0)], 9: [(P, 15), (K, 10), (A, 0)], 10: [(A, 0), (P, 15), (K, 10)], 11: [(P, 15), (A, 0), (K, 10)]}","{0: [], 1: [(J, Q), (N, Q), (D, Q), (O, Q), (K, N), (L, Q), (M, Q), (G, Q), (F, Q), (B, Q), (P, Q), (I, Q), (E, P)], 2: [(I, Q), (B, Q), (N, Q), (O, Q), (M, Q), (P, Q), (D, Q), (E, P), (G, Q), (K, N), (F, Q), (A, K), (J, Q), (H, E)], 3: [(D, Q), (H, P), (G, Q), (K, Q), (I, Q), (O, Q), (M, Q), (P, Q), (B, Q), (F, Q), (J, Q), (C, Q)], 4: [(K, Q), (D, Q), (G, Q), (F, Q), (C, Q), (M, Q), (H, P), (J, Q), (P, Q), (O, Q), (B, Q), (I, Q)], 5: [(M, Q), (O, Q), (F, Q), (I, Q), (D, Q), (J, Q), (B, Q), (K, Q), (G, Q), (P, Q), (H, P), (C, Q)], 6: [(B, Q), (H, P), (C, Q), (I, Q), (M, Q), (P, Q), (F, Q), (K, Q), (D, Q), (J, Q), (O, Q), (G, Q)], 7: [(D, Q), (H, P), (P, Q), (F, Q), (M, Q), (J, Q), (G, Q), (K, Q), (B, Q), (I, Q), (O, Q)], 8: [(D, Q), (M, Q), (K, Q), (H, P), (F, Q), (G, Q), (P, Q), (B, Q), (O, Q), (I, Q), (J, Q), (L, Q)], 9: [(M, Q), (I, Q), (P, Q), (J, Q), (B, Q), (K, Q), (H, P), (D, Q), (O, Q), (L, Q), (G, Q), (F, Q)], 10: [(J, Q), (B, Q), (O, Q), (P, Q), (M, Q), (C, Q), (F, Q), (I, Q), (D, Q), (K, Q), (H, P)], 11: [(G, Q), (F, Q), (I, Q), (J, Q), (P, Q), (M, Q), (D, Q), (H, P), (O, Q), (B, Q), (K, Q)]}","{1: [(A, [0]), (B, [1]), (C, [2]), (D, [3]), (E, [4]), (F, [5]), (G, [6]), (H, [7]), (I, [8]), (J, [9]), (K, [10]), (L, [11]), (M, [12]), (N, [13]), (O, [14]), (P, [15]), (Q, [16, 17])], 2: [(C, [2]), (A, [0]), (Q, [16, 17]), (J, [9]), (N, [13]), (D, [3]), (H, [7]), (O, [14]), (K, [10]), (L, [11]), (M, [12]), (G, [6]), (F, [5]), (B, [1]), (P, [15]), (I, [8]), (E, [4])], 3: [(I, [8]), (B, [1]), (O, [14]), (L, [11]), (Q, [16, 17]), (M, [12]), (P, [15]), (D, [3]), (G, [6]), (K, [10, 13]), (C, [2]), (F, [5]), (A, [0]), (J, [9]), (H, [4, 7])], 4: [(Q, [16, 17]), (L, [11]), (D, [3]), (H, [4, 7]), (G, [6]), (K, [10, 13]), (I, [8]), (O, [14]), (M, [12]), (A, [0]), (P, [15]), (B, [1]), (F, [5]), (J, [9]), (C, [2])], 5: [(K, [10, 13]), (D, [3]), (G, [6]), (A, [0]), (F, [5]), (C, [2]), (Q, [16, 17]), (M, [12]), (H, [4, 7]), (J, [9]), (P, [15]), (O, [14]), (B, [1]), (L, [11]), (I, [8])], 6: [(M, [12]), (A, [0]), (O, [14]), (F, [5]), (I, [8]), (L, [11]), (D, [3]), (J, [9]), (B, [1]), (K, [10, 13]), (Q, [16, 17]), (G, [6]), (P, [15]), (H, [4, 7]), (C, [2])], 7: [(B, [1]), (H, [4, 7]), (C, [2]), (I, [8]), (M, [12]), (P, [15]), (F, [5]), (K, [10, 13]), (L, [11]), (A, [0]), (D, [3]), (J, [9]), (Q, [16, 17]), (O, [14]), (G, [6])], 8: [(D, [3]), (H, [4, 7]), (L, [11]), (C, [2]), (P, [15]), (F, [5]), (M, [12]), (A, [0]), (J, [9]), (G, [6]), (K, [10, 13]), (B, [1]), (I, [8]), (Q, [16, 17]), (O, [14])], 9: [(D, [3]), (M, [12]), (K, [10, 13]), (H, [4, 7]), (F, [5]), (Q, [16, 17]), (G, [6]), (P, [15]), (C, [2]), (B, [1]), (O, [14]), (I, [8]), (J, [9]), (A, [0]), (L, [11])], 10: [(M, [12]), (I, [8]), (P, [15]), (C, [2]), (J, [9]), (B, [1]), (K, [10, 13]), (H, [4, 7]), (D, [3]), (Q, [16, 17]), (A, [0]), (O, [14]), (L, [11]), (G, [6]), (F, [5])], 11: [(J, [9]), (Q, [16, 17]), (B, [1]), (A, [0]), (O, [14]), (P, [15]), (M, [12]), (C, [2]), (L, [11]), (F, [5]), (I, [8]), (D, [3]), (K, [10, 13]), (G, [6]), (H, [4, 7])]}"
5,15,0.7011399644987153,50,0.17038970349702326,0.1450833277632933,0.5216320925324148,2,0.1,0.22432691432826285,12,"{0: [], 1: [(E, 4), (E, 5), (E, 6), (E, 7), (E, 8), (E, 9), (E, 10), (E, 11), (E, 12), (E, 13), (E, 14), (D, 3), (B, 1), (A, 0), (C, 2)], 2: [(D, 3)], 3: [(D, 3), (A, 0), (B, 1)], 4: [(A, 0), (B, 1), (C, 2), (D, 3)], 5: [], 6: [(D, 3)], 7: [(A, 0), (D, 3)], 8: [], 9: [(B, 1)], 10: [(A, 0)], 11: [(C, 2), (D, 3)]}","{0: [], 1: [], 2: [], 3: [], 4: [], 5: [], 6: [], 7: [], 8: [], 9: [], 10: [], 11: []}","{1: [(A, [0]), (B, [1]), (C, [2]), (D, [3]), (E, [4, 5, 6, 7, 8, 9, 10, 11, 12, 13, 14])], 2: [(E, [4, 5, 6, 7, 8, 9, 10, 11, 12, 13, 14]), (D, [3]), (B, [1]), (A, [0]), (C, [2])], 3: [(B, [1]), (A, [0]), (C, [2]), (D, [3]), (E, [4, 5, 6, 7, 8, 9, 10, 11, 12, 13, 14])], 4: [(C, [2]), (E, [4, 5, 6, 7, 8, 9, 10, 11, 12, 13, 14]), (D, [3]), (A, [0]), (B, [1])], 5: [(A, [0]), (E, [4, 5, 6, 7, 8, 9, 10, 11, 12, 13, 14]), (B, [1]), (C, [2]), (D, [3])], 6: [(C, [2]), (B, [1]), (E, [4, 5, 6, 7, 8, 9, 10, 11, 12, 13, 14]), (A, [0]), (D, [3])], 7: [(E, [4, 5, 6, 7, 8, 9, 10, 11, 12, 13, 14]), (A, [0]), (C, [2]), (B, [1]), (D, [3])], 8: [(C, [2]), (E, [4, 5, 6, 7, 8, 9, 10, 11, 12, 13, 14]), (A, [0]), (D, [3]), (B, [1])], 9: [(D, [3]), (B, [1]), (A, [0]), (C, [2]), (E, [4, 5, 6, 7, 8, 9, 10, 11, 12, 13, 14])], 10: [(D, [3]), (C, [2]), (A, [0]), (B, [1]), (E, [4, 5, 6, 7, 8, 9, 10, 11, 12, 13, 14])], 11: [(D, [3]), (E, [4, 5, 6, 7, 8, 9, 10, 11, 12, 13, 14]), (A, [0]), (C, [2]), (B, [1])]}"
11,12,0.34579213650358515,44,0.23867307217245687,0.4662261931809205,0.36649268203583607,2,0.1,0.1311777709062003,10,"{0: [], 1: [(G, 6), (J, 9), (H, 7), (K, 10), (K, 11), (I, 8)], 2: [(G, 6), (K, 2), (K, 10), (J, 9), (H, 7), (I, 8)], 3: [(G, 6), (J, 9), (H, 7)], 4: [(G, 6), (H, 7), (H, 11), (J, 9), (K, 10)], 5: [(K, 10), (H, 7), (H, 11), (J, 9), (G, 6)], 6: [(H, 7), (J, 9), (K, 10), (G, 6)], 7: [(K, 10), (J, 9), (I, 8), (G, 6), (H, 7)], 8: [(H, 7), (J, 9), (G, 6), (K, 10)], 9: [(K, 10), (J, 9), (G, 6), (H, 7)], 10: [(G, 6), (K, 10), (J, 9), (H, 7)], 11: [(J, 9), (K, 10), (H, 7), (G, 6)]}","{0: [], 1: [(G, J), (F, G), (E, H), (C, K), (J, K), (B, I), (A, J), (D, K), (H, K), (I, C)], 2: [(G, J), (D, K), (J, K), (A, J), (E, H), (H, K), (B, I), (F, G)], 3: [(F, G), (G, J), (I, K), (B, I), (J, K), (H, K), (E, H), (D, K), (A, J)], 4: [(G, J), (H, K), (A, J), (E, H), (D, K), (I, H), (J, H), (B, I), (F, G)], 5: [(E, H), (H, K), (I, H), (J, H), (G, J), (F, G), (A, J), (D, K), (B, I)], 6: [(H, K), (D, K), (J, H), (E, H), (I, H), (B, I), (G, J), (A, J), (F, G)], 7: [(E, H), (F, G), (J, H), (I, H), (G, J), (H, K), (A, J), (D, K), (B, I)], 8: [(H, K), (B, I), (I, H), (J, H), (G, J), (D, K), (F, G), (A, J), (E, H)], 9: [(I, H), (A, J), (E, H), (J, H), (G, J), (B, I), (H, K), (F, G), (D, K)], 10: [(F, G), (B, I), (G, J), (J, H), (D, K), (A, J), (I, H), (E, H), (H, K)], 11: [(E, H), (D, K), (J, H), (B, I), (H, K), (F, G), (G, J), (I, H), (A, J)]}","{1: [(A, [0]), (B, [1]), (C, [2]), (D, [3]), (E, [4]), (F, [5]), (G, [6]), (H, [7]), (I, [8]), (J, [9]), (K, [10, 11])], 2: [(G, [6]), (F, [5]), (E, [4]), (J, [9]), (B, [1]), (A, [0]), (D, [3]), (H, [7]), (K, [2, 10, 11]), (I, [8])], 3: [(G, [6]), (K, [2, 10, 11]), (D, [3]), (J, [9]), (A, [0]), (E, [4]), (H, [7]), (B, [1]), (F, [5]), (I, [8])], 4: [(F, [5]), (G, [6]), (I, [2, 8]), (B, [1]), (J, [9]), (H, [7, 11]), (E, [4]), (D, [3]), (K, [10]), (A, [0])], 5: [(G, [6]), (H, [7, 11]), (A, [0]), (E, [4]), (D, [3]), (I, [2, 8]), (J, [9]), (B, [1]), (K, [10]), (F, [5])], 6: [(E, [4]), (K, [10]), (H, [7, 11]), (I, [2, 8]), (J, [9]), (G, [6]), (F, [5]), (A, [0]), (D, [3]), (B, [1])], 7: [(H, [7, 11]), (D, [3]), (J, [9]), (E, [4]), (I, [2, 8]), (B, [1]), (K, [10]), (G, [6]), (A, [0]), (F, [5])], 8: [(K, [10]), (E, [4]), (F, [5]), (J, [9]), (I, [2, 8]), (G, [6]), (H, [7, 11]), (A, [0]), (D, [3]), (B, [1])], 9: [(H, [7, 11]), (B, [1]), (I, [2, 8]), (J, [9]), (G, [6]), (D, [3]), (F, [5]), (A, [0]), (K, [10]), (E, [4])], 10: [(I, [2, 8]), (K, [10]), (A, [0]), (E, [4]), (J, [9]), (G, [6]), (B, [1]), (H, [7, 11]), (F, [5]), (D, [3])], 11: [(F, [5]), (B, [1]), (G, [6]), (K, [10]), (J, [9]), (D, [3]), (A, [0]), (I, [2, 8]), (E, [4]), (H, [7, 11])]}"
12,13,0.5158238892920652,39,0.157138680846518,0.21624896297791657,0.3523722681124726,1,0.1,0.09911962380503758,11,"{0: [], 1: [(L, 11), (L, 12), (J, 9), (K, 10)], 2: [(J, 9)], 3: [(C, 2), (G, 6), (J, 9)], 4: [(G, 6)], 5: [], 6: [], 7: [], 8: [], 9: [], 10: [], 11: []}","{0: [], 1: [(F, L), (I, L), (G, L), (J, L), (H, L), (D, J), (C, L), (E, L), (B, L), (A, L)], 2: [(J, L), (I, L), (G, L), (A, L), (F, L), (E, L), (K, J), (C, L), (B, L), (D, J), (H, L)], 3: [(H, L), (K, J), (D, J), (I, L), (F, L), (J, L), (A, L), (B, L), (E, L)], 4: [(F, L), (J, L), (C, L), (H, L), (B, L), (A, L), (I, L), (K, J), (D, J), (E, L)], 5: [(I, L), (D, J), (A, L), (K, J), (J, L), (F, L), (H, L), (B, L), (C, L), (E, L), (G, L)], 6: [(B, L), (F, L), (H, L), (D, J), (K, J), (A, L), (E, L), (J, L), (I, L), (G, L)], 7: [(K, J), (F, L), (J, L), (A, L), (B, L), (C, L), (E, L), (I, L), (H, L), (D, J)], 8: [(I, L), (K, J), (H, L), (D, J), (F, L), (B, L), (E, L), (G, L), (J, L), (C, L), (A, L)], 9: [(I, L), (G, L), (A, L), (H, L), (J, L), (F, L), (E, L), (K, J), (B, L), (D, J)], 10: [(E, L), (B, L), (D, J), (G, L), (F, L), (I, L), (K, J), (H, L), (A, L), (J, L)], 11: [(I, L), (G, L), (H, L), (B, L), (F, L), (A, L), (K, J), (E, L), (J, L), (D, J)]}","{1: [(A, [0]), (B, [1]), (C, [2]), (D, [3]), (E, [4]), (F, [5]), (G, [6]), (H, [7]), (I, [8]), (J, [9]), (K, [10]), (L, [11, 12])], 2: [(F, [5]), (L, [11, 12]), (I, [8]), (G, [6]), (J, [9]), (H, [7]), (D, [3]), (C, [2]), (E, [4]), (B, [1]), (K, [10]), (A, [0])], 3: [(J, [9]), (I, [8]), (G, [6]), (L, [11, 12]), (A, [0]), (F, [5]), (E, [4]), (K, [10]), (C, [2]), (B, [1]), (D, [3]), (H, [7])], 4: [(L, [11, 12]), (C, [2]), (G, [6]), (H, [7]), (K, [10]), (D, [3]), (I, [8]), (F, [5]), (J, [9]), (A, [0]), (B, [1]), (E, [4])], 5: [(F, [5]), (J, [9]), (C, [2]), (H, [7]), (G, [6]), (B, [1]), (A, [0]), (I, [8]), (K, [10]), (D, [3]), (E, [4]), (L, [11, 12])], 6: [(L, [11, 12]), (I, [8]), (D, [3]), (A, [0]), (K, [10]), (J, [9]), (F, [5]), (H, [7]), (B, [1]), (C, [2]), (E, [4]), (G, [6])], 7: [(B, [1]), (C, [2]), (F, [5]), (H, [7]), (D, [3]), (K, [10]), (A, [0]), (E, [4]), (J, [9]), (I, [8]), (L, [11, 12]), (G, [6])], 8: [(K, [10]), (F, [5]), (J, [9]), (L, [11, 12]), (G, [6]), (A, [0]), (B, [1]), (C, [2]), (E, [4]), (I, [8]), (H, [7]), (D, [3])], 9: [(I, [8]), (K, [10]), (H, [7]), (L, [11, 12]), (D, [3]), (F, [5]), (B, [1]), (E, [4]), (G, [6]), (J, [9]), (C, [2]), (A, [0])], 10: [(I, [8]), (G, [6]), (A, [0]), (H, [7]), (J, [9]), (C, [2]), (F, [5]), (E, [4]), (L, [11, 12]), (K, [10]), (B, [1]), (D, [3])], 11: [(E, [4]), (B, [1]), (C, [2]), (D, [3]), (G, [6]), (F, [5]), (I, [8]), (K, [10]), (L, [11, 12]), (H, [7]), (A, [0]), (J, [9])]}"
6,9,0.36161198029781616,51,0.10585141659283655,0.2965263661173455,0.6581586653252964,1,0.1,0.20061572819581291,17,"{0: [], 1: [(A, 0), (F, 5), (F, 6), (F, 7), (F, 8), (B, 1), (C, 2)], 2: [(B, 1), (C, 2), (F, 5)], 3: [(C, 2), (B, 1), (A, 0), (F, 5)], 4: [(C, 2), (F, 5), (B, 1), (A, 0)], 5: [(F, 5), (C, 2)], 6: [(F, 5), (B, 1)], 7: [(F, 5), (C, 2)], 8: [(C, 2), (F, 8)], 9: [(C, 2), (F, 5)], 10: [(F, 8), (C, 2)], 11: [(C, 2), (F, 5)]}","{0: [], 1: [(E, F), (D, F)], 2: [(E, F), (B, A), (C, A), (D, F)], 3: [(D, F), (E, F)], 4: [(E, F), (D, F)], 5: [(D, F), (E, F), (B, A)], 6: [(C, B), (E, F), (D, F), (B, C)], 7: [(E, F), (D, F), (B, C), (C, B)], 8: [(C, B), (D, F), (B, C)], 9: [(E, F), (B, C)], 10: [(B, C), (D, F)], 11: [(D, F), (E, F), (B, C)]}","{1: [(A, [0]), (B, [1]), (C, [2]), (D, [3]), (E, [4]), (F, [5, 6, 7, 8])], 2: [(A, [0]), (E, [4]), (F, [5, 6, 7, 8]), (D, [3]), (B, [1]), (C, [2])], 3: [(E, [4]), (B, [1]), (C, [2]), (D, [3]), (F, [5, 6, 7, 8]), (A, [0])], 4: [(C, [2]), (B, [1]), (A, [0]), (D, [3]), (F, [5, 6, 7, 8]), (E, [4])], 5: [(C, [2]), (F, [5, 6, 7, 8]), (B, [1]), (E, [4]), (D, [3]), (A, [0])], 6: [(D, [3]), (E, [4]), (F, [5, 6, 7, 8]), (C, [2]), (B, [0, 1])], 7: [(C, [0, 2]), (F, [5, 6, 7, 8]), (E, [4]), (D, [3]), (B, [1])], 8: [(E, [4]), (F, [5, 6, 7, 8]), (D, [3]), (B, [0, 1]), (C, [2])], 9: [(C, [2]), (D, [3]), (E, [4]), (F, [5, 6, 7, 8]), (B, [0, 1])], 10: [(C, [2]), (E, [4]), (B, [0, 1]), (F, [5, 6, 7, 8]), (D, [3])], 11: [(F, [5, 6, 7, 8]), (E, [4]), (C, [2]), (B, [0, 1]), (D, [3])]}"
