6,10,0.3077834157271694,55,0.10100782036423943,0.4189001259462105,0.17610117334801462,1,0.1,0.04100637529513978,6,"{0: [], 1: [(F, 5), (F, 6), (F, 7), (F, 8), (F, 9), (B, 1)], 2: [(B, 1), (F, 4), (F, 5), (F, 6), (F, 7), (F, 9)], 3: [(F, 3), (F, 4), (F, 5), (F, 6), (F, 7), (B, 1)], 4: [(F, 6)], 5: [(F, 6)], 6: [(F, 6)], 7: [(F, 6)], 8: [(F, 6)], 9: [], 10: [], 11: []}","{0: [], 1: [(E, F), (A, F), (D, F), (F, E), (C, F)], 2: [(A, F), (F, D), (C, F)], 3: [(F, C), (A, F), (C, F)], 4: [(F, A)], 5: [], 6: [], 7: [], 8: [], 9: [], 10: [], 11: [(F, B)]}","{1: [(A, [0]), (B, [1]), (C, [2]), (D, [3]), (E, [4]), (F, [5, 6, 7, 8, 9])], 2: [(A, [0]), (D, [3]), (F, [4, 5, 6, 7, 8, 9]), (C, [2]), (B, [1])], 3: [(B, [1]), (A, [0]), (F, [3, 4, 5, 6, 7, 8, 9]), (C, [2])], 4: [(F, [2, 3, 4, 5, 6, 7, 8, 9]), (A, [0]), (B, [1])], 5: [(B, [1]), (F, [0, 2, 3, 4, 5, 6, 7, 8, 9])], 6: [(F, [0, 2, 3, 4, 5, 6, 7, 8, 9]), (B, [1])], 7: [(F, [0, 2, 3, 4, 5, 6, 7, 8, 9]), (B, [1])], 8: [(F, [0, 2, 3, 4, 5, 6, 7, 8, 9]), (B, [1])], 9: [(F, [0, 2, 3, 4, 5, 6, 7, 8, 9]), (B, [1])], 10: [(B, [1]), (F, [0, 2, 3, 4, 5, 6, 7, 8, 9])], 11: [(B, [1]), (F, [0, 2, 3, 4, 5, 6, 7, 8, 9])]}"
7,16,0.24131309531088002,47,0.19670703608013085,0.1933849642698653,0.44908765681628926,5,0.1,0.02690126533770683,14,"{0: [], 1: [(E, 4), (G, 6), (G, 7), (G, 8), (G, 9), (G, 10), (G, 11), (G, 12), (G, 13), (G, 14), (G, 15), (A, 0)], 2: [(A, 0)], 3: [(E, 4), (G, 12)], 4: [], 5: [(G, 12)], 6: [], 7: [], 8: []}","{0: [], 1: [(C, G), (D, G), (B, G), (G, F)], 2: [(C, G), (G, C), (B, G), (D, G), (E, G)], 3: [(D, G), (G, A), (B, G)], 4: [(D, G), (G, E), (B, G)], 5: [(D, G), (B, G)], 6: [(B, G), (G, D)], 7: [(G, B), (B, G)], 8: []}","{1: [(A, [0]), (B, [1]), (C, [2]), (D, [3]), (E, [4]), (F, [5]), (G, [6, 7, 8, 9, 10, 11, 12, 13, 14, 15])], 2: [(C, [2]), (D, [3]), (B, [1]), (E, [4]), (G, [5, 6, 7, 8, 9, 10, 11, 12, 13, 14, 15]), (A, [0])], 3: [(G, [2, 5, 6, 7, 8, 9, 10, 11, 12, 13, 14, 15]), (B, [1]), (D, [3]), (A, [0]), (E, [4])], 4: [(D, [3]), (E, [4]), (G, [0, 2, 5, 6, 7, 8, 9, 10, 11, 12, 13, 14, 15]), (B, [1])], 5: [(D, [3]), (G, [0, 2, 4, 5, 6, 7, 8, 9, 10, 11, 12, 13, 14, 15]), (B, [1])], 6: [(D, [3]), (B, [1]), (G, [0, 2, 4, 5, 6, 7, 8, 9, 10, 11, 12, 13, 14, 15])], 7: [(B, [1]), (G, [0, 2, 3, 4, 5, 6, 7, 8, 9, 10, 11, 12, 13, 14, 15])], 8: [(G, [0, 1, 2, 3, 4, 5, 6, 7, 8, 9, 10, 11, 12, 13, 14, 15])]}"
6,13,0.4183042773998744,48,0.23416898643848927,0.2517214468180489,0.4118266754297696,2,0.1,0.15285952986585238,12,"{0: [], 1: [(F, 5), (F, 6), (F, 7), (F, 8), (F, 9), (F, 10), (F, 11), (F, 12), (D, 3), (B, 1)], 2: [(B, 1), (A, 0), (F, 4), (F, 10), (D, 3)], 3: [(D, 3), (A, 0)], 4: [(A, 0), (D, 3)], 5: [(D, 3)], 6: [(D, 3)], 7: [(D, 3)], 8: [(D, 3)], 9: [(D, 3)], 10: [(D, 3)], 11: [(D, 3)]}","{0: [], 1: [(C, F), (F, E), (A, F)], 2: [(C, F), (F, C)], 3: [(F, B)], 4: [(F, B)], 5: [(F, A)], 6: [(F, D)], 7: [(F, D)], 8: [(F, D)], 9: [(F, D)], 10: [(F, D)], 11: [(F, D)]}","{1: [(A, [0]), (B, [1]), (C, [2]), (D, [3]), (E, [4]), (F, [5, 6, 7, 8, 9, 10, 11, 12])], 2: [(C, [2]), (F, [4, 5, 6, 7, 8, 9, 10, 11, 12]), (A, [0]), (D, [3]), (B, [1])], 3: [(B, [1]), (A, [0]), (F, [2, 4, 5, 6, 7, 8, 9, 10, 11, 12]), (D, [3])], 4: [(D, [3]), (B, [1]), (A, [0]), (F, [2, 4, 5, 6, 7, 8, 9, 10, 11, 12])], 5: [(A, [0]), (D, [3]), (F, [1, 2, 4, 5, 6, 7, 8, 9, 10, 11, 12])], 6: [(F, [0, 1, 2, 4, 5, 6, 7, 8, 9, 10, 11, 12]), (D, [3])], 7: [(D, [3]), (F, [0, 1, 2, 4, 5, 6, 7, 8, 9, 10, 11, 12])], 8: [(F, [0, 1, 2, 4, 5, 6, 7, 8, 9, 10, 11, 12]), (D, [3])], 9: [(F, [0, 1, 2, 4, 5, 6, 7, 8, 9, 10, 11, 12]), (D, [3])], 10: [(F, [0, 1, 2, 4, 5, 6, 7, 8, 9, 10, 11, 12]), (D, [3])], 11: [(D, [3]), (F, [0, 1, 2, 4, 5, 6, 7, 8, 9, 10, 11, 12])]}"
12,13,0.3477261888725454,44,0.11477875310649054,0.20409056850381782,0.7270063780021085,2,0.1,0.18038917511114377,7,"{0: [], 1: [(K, 10), (L, 11), (L, 12)], 2: [(K, 10), (L, 7), (L, 11), (L, 12)], 3: [(K, 10)], 4: [(J, 9), (K, 10)], 5: [(K, 10), (J, 9)], 6: [(K, 10), (J, 9)], 7: [(K, 10), (J, 9)], 8: [(K, 10), (J, 9)], 9: [(K, 10)], 10: [(K, 10)], 11: [(K, 10)]}","{0: [], 1: [(A, L), (G, L), (C, L), (K, L), (E, L), (J, K), (H, L), (I, L), (F, L), (D, L), (L, H), (B, K)], 2: [(B, K), (G, L), (K, L), (I, L), (A, L), (L, F), (E, L), (C, L), (D, L), (J, K)], 3: [(E, L), (D, L), (G, L), (K, L), (B, K), (A, L), (C, L), (J, K), (I, L), (L, B)], 4: [(D, L), (I, L), (G, L), (L, K), (A, L), (C, L), (K, L), (E, L)], 5: [(K, L), (C, L), (A, L), (L, K), (G, L), (E, L), (I, L), (D, L)], 6: [(K, L), (L, K), (E, L), (I, L), (D, L), (A, L), (G, L), (C, L)], 7: [(K, L), (G, L), (L, K), (C, L), (D, L), (I, L), (E, L), (A, L)], 8: [(G, L), (K, L), (I, L), (C, L), (D, L), (E, L), (L, K), (A, L)], 9: [(I, L), (D, L), (L, K), (C, L), (A, L), (G, L), (K, L), (E, L)], 10: [(C, L), (E, L), (A, L), (L, K), (I, L), (D, L), (K, L), (G, L)], 11: [(I, L), (A, L), (E, L), (C, L), (K, L), (G, L), (D, L), (L, K)]}","{1: [(A, [0]), (B, [1]), (C, [2]), (D, [3]), (E, [4]), (F, [5]), (G, [6]), (H, [7]), (I, [8]), (J, [9]), (K, [10]), (L, [11, 12])], 2: [(A, [0]), (G, [6]), (C, [2]), (K, [10]), (E, [4]), (J, [9]), (I, [8]), (F, [5]), (D, [3]), (L, [7, 11, 12]), (B, [1])], 3: [(B, [1]), (G, [6]), (K, [10]), (I, [8]), (A, [0]), (L, [5, 7, 11, 12]), (E, [4]), (C, [2]), (D, [3]), (J, [9])], 4: [(E, [4]), (D, [3]), (G, [6]), (K, [10]), (A, [0]), (C, [2]), (J, [9]), (I, [8]), (L, [1, 5, 7, 11, 12])], 5: [(D, [3]), (I, [8]), (G, [6]), (L, [1, 5, 7, 11, 12]), (A, [0]), (J, [9]), (C, [2]), (K, [10]), (E, [4])], 6: [(K, [10]), (C, [2]), (A, [0]), (L, [1, 5, 7, 11, 12]), (G, [6]), (E, [4]), (I, [8]), (J, [9]), (D, [3])], 7: [(K, [10]), (L, [1, 5, 7, 11, 12]), (E, [4]), (J, [9]), (I, [8]), (D, [3]), (A, [0]), (G, [6]), (C, [2])], 8: [(K, [10]), (G, [6]), (J, [9]), (L, [1, 5, 7, 11, 12]), (C, [2]), (D, [3]), (I, [8]), (E, [4]), (A, [0])], 9: [(G, [6]), (K, [10]), (I, [8]), (C, [2]), (J, [9]), (D, [3]), (E, [4]), (L, [1, 5, 7, 11, 12]), (A, [0])], 10: [(I, [8]), (D, [3]), (L, [1, 5, 7, 11, 12]), (C, [2]), (A, [0]), (G, [6]), (K, [10]), (J, [9]), (E, [4])], 11: [(C, [2]), (E, [4]), (A, [0]), (L, [1, 5, 7, 11, 12]), (I, [8]), (D, [3]), (K, [10]), (J, [9]), (G, [6])]}"
11,14,0.2791295952092886,38,0.2026708737898959,0.16722330194642412,0.3888621536990581,4,0.1,0.14663104115587022,12,"{0: [], 1: [(B, 1), (K, 10), (K, 11), (K, 12), (K, 13), (H, 7)], 2: [(B, 1), (H, 7), (F, 5)], 3: [(H, 7), (F, 5), (B, 1)], 4: [(B, 1), (H, 7), (F, 5)], 5: [(B, 1)], 6: [(B, 1)], 7: [(B, 1)], 8: [], 9: [], 10: [], 11: []}","{0: [], 1: [(E, K), (G, K), (B, A), (J, K), (K, J), (C, K), (I, H), (H, J), (D, H), (F, H), (A, K)], 2: [(B, K), (E, K), (C, K), (D, H), (G, K), (I, H), (K, H)], 3: [(C, K), (K, H), (G, K), (D, H), (I, H), (B, K), (E, K)], 4: [(I, H), (B, K), (K, H), (D, H), (E, K), (G, K), (C, K)], 5: [(E, K), (C, K), (D, H), (K, H), (G, K), (I, H), (B, K), (F, H)], 6: [(C, K), (K, H), (D, H), (G, K), (B, K), (E, K), (I, H)], 7: [(I, H), (B, K), (E, K), (K, H), (C, K), (D, H), (G, K)], 8: [(B, K), (G, K), (E, K), (K, H), (C, K), (I, H), (D, H)], 9: [(K, H), (D, H), (E, K), (C, K), (B, K), (I, H), (G, K)], 10: [(C, K), (G, K), (E, K), (I, H), (K, H), (B, K), (D, H)], 11: [(D, H), (C, K), (E, K), (K, H), (B, K), (G, K), (I, H)]}","{1: [(A, [0]), (B, [1]), (C, [2]), (D, [3]), (E, [4]), (F, [5]), (G, [6]), (H, [7]), (I, [8]), (J, [9]), (K, [10, 11, 12, 13])], 2: [(E, [4]), (G, [6]), (B, [1]), (K, [0, 9, 10, 11, 12, 13]), (C, [2]), (I, [8]), (H, [7]), (D, [3]), (F, [5])], 3: [(B, [1]), (E, [4]), (H, [7]), (F, [5]), (C, [2]), (D, [3]), (G, [6]), (I, [8]), (K, [0, 9, 10, 11, 12, 13])], 4: [(C, [2]), (K, [0, 9, 10, 11, 12, 13]), (H, [7]), (F, [5]), (G, [6]), (D, [3]), (I, [8]), (B, [1]), (E, [4])], 5: [(I, [8]), (B, [1]), (H, [7]), (K, [0, 9, 10, 11, 12, 13]), (D, [3]), (E, [4]), (G, [6]), (C, [2]), (F, [5])], 6: [(E, [4]), (C, [2]), (D, [3]), (K, [0, 9, 10, 11, 12, 13]), (G, [6]), (I, [8]), (B, [1]), (H, [7]), (F, [5])], 7: [(C, [2]), (K, [0, 9, 10, 11, 12, 13]), (H, [7]), (F, [5]), (D, [3]), (G, [6]), (B, [1]), (E, [4]), (I, [8])], 8: [(I, [8]), (B, [1]), (E, [4]), (K, [0, 9, 10, 11, 12, 13]), (C, [2]), (D, [3]), (G, [6]), (F, [5]), (H, [7])], 9: [(F, [5]), (B, [1]), (H, [7]), (G, [6]), (E, [4]), (K, [0, 9, 10, 11, 12, 13]), (C, [2]), (I, [8]), (D, [3])], 10: [(K, [0, 9, 10, 11, 12, 13]), (D, [3]), (E, [4]), (C, [2]), (B, [1]), (F, [5]), (I, [8]), (H, [7]), (G, [6])], 11: [(C, [2]), (G, [6]), (E, [4]), (I, [8]), (H, [7]), (K, [0, 9, 10, 11, 12, 13]), (B, [1]), (F, [5]), (D, [3])]}"
12,15,0.4190479531402203,55,0.13423922012968015,0.14893537649987698,0.29951832775613585,2,0.1,0.08203421859267877,12,"{0: [], 1: [(I, 8), (L, 11), (L, 12), (L, 13), (L, 14)], 2: [(I, 8), (K, 10)], 3: [(D, 3), (K, 10)], 4: [(D, 3), (K, 10), (E, 4)], 5: [(A, 0), (E, 4), (K, 10)], 6: [(K, 10)], 7: [(K, 10), (E, 4), (A, 0)], 8: [(E, 4), (K, 10)], 9: [(K, 10)], 10: [(K, 10)], 11: [(K, 10)]}","{0: [], 1: [(L, H), (E, L), (K, L), (F, L), (B, L), (J, L), (G, L), (C, L), (D, L), (A, L), (H, L)], 2: [(F, L), (C, L), (G, L), (J, L), (E, L), (B, L), (K, L), (D, L), (A, L), (L, K)], 3: [(F, L), (J, L), (B, L), (E, L), (I, L), (L, K), (A, L), (K, L), (C, L), (G, L)], 4: [(B, L), (J, L), (C, L), (I, L), (K, L), (F, L), (A, L), (L, K), (G, L)], 5: [(G, L), (F, L), (B, L), (C, L), (I, L), (K, L), (L, K), (J, L), (D, L)], 6: [(F, L), (K, L), (L, K), (E, L), (D, L), (B, L), (J, L), (I, L), (C, L), (A, L), (G, L)], 7: [(D, L), (K, L), (G, L), (L, K), (J, L), (B, L), (F, L), (C, L), (I, L)], 8: [(L, K), (G, L), (J, L), (C, L), (B, L), (D, L), (I, L), (A, L), (K, L), (F, L)], 9: [(G, L), (C, L), (A, L), (L, K), (B, L), (K, L), (J, L), (D, L), (F, L)], 10: [(J, L), (C, L), (G, L), (F, L), (B, L), (K, L), (E, L), (L, K)], 11: [(B, L), (I, L), (F, L), (K, L), (L, K), (C, L), (E, L), (J, L), (G, L)]}","{1: [(A, [0]), (B, [1]), (C, [2]), (D, [3]), (E, [4]), (F, [5]), (G, [6]), (H, [7]), (I, [8]), (J, [9]), (K, [10]), (L, [11, 12, 13, 14])], 2: [(I, [8]), (L, [7, 11, 12, 13, 14]), (E, [4]), (K, [10]), (F, [5]), (B, [1]), (J, [9]), (G, [6]), (C, [2]), (D, [3]), (A, [0])], 3: [(F, [5]), (I, [8]), (C, [2]), (G, [6]), (J, [9]), (E, [4]), (B, [1]), (K, [10]), (D, [3]), (A, [0]), (L, [7, 11, 12, 13, 14])], 4: [(D, [3]), (F, [5]), (J, [9]), (B, [1]), (E, [4]), (I, [8]), (L, [7, 11, 12, 13, 14]), (A, [0]), (K, [10]), (C, [2]), (G, [6])], 5: [(D, [3]), (B, [1]), (J, [9]), (C, [2]), (I, [8]), (K, [10]), (E, [4]), (F, [5]), (A, [0]), (L, [7, 11, 12, 13, 14]), (G, [6])], 6: [(A, [0]), (E, [4]), (G, [6]), (F, [5]), (B, [1]), (C, [2]), (I, [8]), (K, [10]), (L, [7, 11, 12, 13, 14]), (J, [9]), (D, [3])], 7: [(F, [5]), (K, [10]), (L, [7, 11, 12, 13, 14]), (E, [4]), (D, [3]), (B, [1]), (J, [9]), (I, [8]), (C, [2]), (A, [0]), (G, [6])], 8: [(D, [3]), (K, [10]), (G, [6]), (E, [4]), (A, [0]), (L, [7, 11, 12, 13, 14]), (J, [9]), (B, [1]), (F, [5]), (C, [2]), (I, [8])], 9: [(L, [7, 11, 12, 13, 14]), (G, [6]), (E, [4]), (J, [9]), (C, [2]), (B, [1]), (D, [3]), (I, [8]), (A, [0]), (K, [10]), (F, [5])], 10: [(G, [6]), (I, [8]), (C, [2]), (A, [0]), (L, [7, 11, 12, 13, 14]), (B, [1]), (K, [10]), (J, [9]), (E, [4]), (D, [3]), (F, [5])], 11: [(D, [3]), (A, [0]), (J, [9]), (C, [2]), (I, [8]), (G, [6]), (F, [5]), (B, [1]), (K, [10]), (E, [4]), (L, [7, 11, 12, 13, 14])]}"
13,14,0.3479738060063766,47,0.22290258146345715,0.38263972850025074,0.1606200344647871,3,0.1,0.023121676954359273,18,"{0: [], 1: [(F, 5), (K, 10), (L, 11), (M, 12), (M, 13)], 2: [(F, 5), (L, 11), (K, 10)], 3: [(K, 10), (L, 11), (F, 5)], 4: [(L, 11), (K, 10), (D, 3), (F, 5)], 5: [(K, 10), (L, 11), (F, 5)], 6: [(D, 3), (L, 11), (F, 5), (K, 10)], 7: [(L, 11), (F, 5), (K, 10)], 8: [(K, 10), (F, 5), (L, 11)], 9: [(K, 10), (L, 11), (F, 5)], 10: [(K, 10), (L, 11), (F, 5)], 11: [(F, 5), (L, 11), (K, 10)]}","{0: [], 1: [(C, F), (K, M), (B, M), (A, L), (L, M), (I, K), (M, K), (J, M), (E, M), (G, M), (H, M), (D, M)], 2: [(C, F), (G, M), (E, M), (D, M), (L, M), (A, L), (B, M), (J, M), (M, K), (K, M), (H, M), (I, K)], 3: [(E, M), (H, M), (D, M), (B, M), (M, K), (K, M), (G, M), (I, K), (L, M), (F, L), (J, M), (C, F), (A, L)], 4: [(L, M), (K, M), (C, F), (I, K), (E, M), (G, M), (B, M), (F, L), (J, M), (H, M), (A, L), (M, K)], 5: [(E, M), (H, M), (M, K), (G, M), (D, M), (C, F), (K, M), (L, M), (F, L), (A, L), (J, M), (I, K), (B, M)], 6: [(L, M), (F, L), (I, K), (E, M), (B, M), (C, F), (H, M), (A, L), (M, K), (K, M), (G, M), (J, M)], 7: [(L, M), (I, K), (H, M), (F, L), (M, K), (B, M), (C, F), (J, M), (E, M), (G, M), (D, M), (A, L), (K, M)], 8: [(K, M), (I, K), (J, M), (M, K), (B, M), (G, M), (E, M), (H, M), (C, F), (A, L), (L, M)], 9: [(M, K), (A, L), (B, M), (K, M), (I, K), (H, M), (D, M), (L, M), (G, M), (J, M), (C, F), (F, L), (E, M)], 10: [(C, F), (M, K), (K, M), (I, K), (L, M), (J, M), (F, L), (B, M), (G, M), (H, M), (D, M), (A, L), (E, M)], 11: [(M, K), (B, M), (G, M), (A, L), (C, F), (L, M), (J, M), (E, M), (H, M), (K, M), (I, K)]}","{1: [(A, [0]), (B, [1]), (C, [2]), (D, [3]), (E, [4]), (F, [5]), (G, [6]), (H, [7]), (I, [8]), (J, [9]), (K, [10]), (L, [11]), (M, [12, 13])], 2: [(C, [2]), (F, [5]), (K, [10]), (B, [1]), (A, [0]), (L, [11]), (I, [8]), (M, [12, 13]), (J, [9]), (E, [4]), (G, [6]), (H, [7]), (D, [3])], 3: [(C, [2]), (G, [6]), (F, [5]), (E, [4]), (D, [3]), (L, [11]), (A, [0]), (B, [1]), (J, [9]), (M, [12, 13]), (K, [10]), (H, [7]), (I, [8])], 4: [(E, [4]), (H, [7]), (D, [3]), (B, [1]), (M, [12, 13]), (K, [10]), (G, [6]), (I, [8]), (L, [11]), (F, [5]), (J, [9]), (C, [2]), (A, [0])], 5: [(L, [11]), (K, [10]), (C, [2]), (D, [3]), (I, [8]), (E, [4]), (G, [6]), (B, [1]), (F, [5]), (J, [9]), (H, [7]), (A, [0]), (M, [12, 13])], 6: [(E, [4]), (H, [7]), (M, [12, 13]), (G, [6]), (D, [3]), (C, [2]), (K, [10]), (L, [11]), (F, [5]), (A, [0]), (J, [9]), (I, [8]), (B, [1])], 7: [(D, [3]), (L, [11]), (F, [5]), (I, [8]), (E, [4]), (B, [1]), (C, [2]), (H, [7]), (A, [0]), (M, [12, 13]), (K, [10]), (G, [6]), (J, [9])], 8: [(L, [11]), (I, [8]), (H, [7]), (F, [5]), (M, [12, 13]), (B, [1]), (C, [2]), (J, [9]), (E, [4]), (G, [6]), (D, [3]), (A, [0]), (K, [10])], 9: [(D, [3]), (K, [10]), (I, [8]), (J, [9]), (M, [12, 13]), (F, [5]), (B, [1]), (G, [6]), (E, [4]), (H, [7]), (C, [2]), (A, [0]), (L, [11])], 10: [(M, [12, 13]), (A, [0]), (B, [1]), (K, [10]), (I, [8]), (H, [7]), (D, [3]), (L, [11]), (G, [6]), (J, [9]), (C, [2]), (F, [5]), (E, [4])], 11: [(C, [2]), (M, [12, 13]), (K, [10]), (I, [8]), (L, [11]), (J, [9]), (F, [5]), (B, [1]), (G, [6]), (H, [7]), (D, [3]), (A, [0]), (E, [4])]}"
9,14,0.7491821608225935,45,0.2782389678633702,0.22511472232956936,0.30639491970810323,6,0.1,0.14832737443597793,12,"{0: [], 1: [(F, 5), (I, 8), (I, 9), (I, 10), (I, 11), (I, 12), (I, 13)], 2: [(A, 0), (H, 7), (B, 1), (D, 3)], 3: [(C, 2), (B, 1), (D, 3), (H, 7), (A, 0)], 4: [(A, 0)], 5: [(A, 0), (H, 7)], 6: [(A, 0)], 7: [(H, 7)], 8: [(H, 7)], 9: [(H, 7)], 10: [(H, 7)], 11: [(H, 7)]}","{0: [], 1: [(A, I), (G, I), (E, I), (H, I), (C, I), (D, I), (I, G), (B, I)], 2: [(E, I), (I, F), (C, I)], 3: [(I, E), (E, I)], 4: [(I, D), (H, I), (C, I)], 5: [(I, C)], 6: [(H, I), (I, B)], 7: [(I, A)], 8: [(I, H)], 9: [(I, H)], 10: [(I, H)], 11: [(I, H)]}","{1: [(A, [0]), (B, [1]), (C, [2]), (D, [3]), (E, [4]), (F, [5]), (G, [6]), (H, [7]), (I, [8, 9, 10, 11, 12, 13])], 2: [(A, [0]), (E, [4]), (H, [7]), (C, [2]), (D, [3]), (F, [5]), (I, [6, 8, 9, 10, 11, 12, 13]), (B, [1])], 3: [(A, [0]), (H, [7]), (E, [4]), (B, [1]), (I, [5, 6, 8, 9, 10, 11, 12, 13]), (C, [2]), (D, [3])], 4: [(I, [4, 5, 6, 8, 9, 10, 11, 12, 13]), (C, [2]), (B, [1]), (D, [3]), (H, [7]), (A, [0])], 5: [(I, [3, 4, 5, 6, 8, 9, 10, 11, 12, 13]), (H, [7]), (A, [0]), (C, [2]), (B, [1])], 6: [(A, [0]), (I, [2, 3, 4, 5, 6, 8, 9, 10, 11, 12, 13]), (H, [7]), (B, [1])], 7: [(H, [7]), (I, [1, 2, 3, 4, 5, 6, 8, 9, 10, 11, 12, 13]), (A, [0])], 8: [(H, [7]), (I, [0, 1, 2, 3, 4, 5, 6, 8, 9, 10, 11, 12, 13])], 9: [(H, [7]), (I, [0, 1, 2, 3, 4, 5, 6, 8, 9, 10, 11, 12, 13])], 10: [(H, [7]), (I, [0, 1, 2, 3, 4, 5, 6, 8, 9, 10, 11, 12, 13])], 11: [(I, [0, 1, 2, 3, 4, 5, 6, 8, 9, 10, 11, 12, 13]), (H, [7])]}"
12,13,0.5719779739547826,35,0.28138870915881403,0.1787714700338841,0.6732867072330163,2,0.1,0.04716638968993894,15,"{0: [], 1: [(I, 8), (K, 10), (F, 5), (J, 9), (L, 11), (L, 12)], 2: [(B, 1), (J, 9), (K, 10), (H, 7)], 3: [(H, 7), (K, 10), (B, 1), (I, 8)], 4: [(F, 5), (K, 10), (H, 7), (J, 9)], 5: [(K, 10), (B, 1), (D, 3), (I, 8), (C, 2)], 6: [(B, 1), (K, 10), (D, 3), (C, 2)], 7: [(C, 2), (K, 10), (D, 3), (B, 1)], 8: [(C, 2), (K, 10)], 9: [(C, 2), (A, 0)], 10: [(C, 2), (A, 0), (D, 3)], 11: [(A, 0), (C, 2), (J, 9)]}","{0: [], 1: [(B, L), (D, L), (E, L), (H, L), (A, K), (C, L), (G, L)], 2: [(E, L), (L, K), (D, L), (G, L), (C, L), (F, L), (A, K), (K, L), (I, L)], 3: [(C, L), (E, L), (L, K), (G, L), (A, K), (K, L), (F, L), (D, L)], 4: [(A, K), (C, L), (L, K), (G, L), (E, L), (K, L), (B, L)], 5: [(K, L), (A, K), (G, L), (E, L), (L, K)], 6: [(E, L), (L, K), (F, L), (A, K), (K, L), (G, L)], 7: [(K, L), (E, L), (F, L), (A, K), (G, L), (L, K)], 8: [(E, L), (G, L), (A, K), (F, L), (L, K), (K, L)], 9: [(L, K), (G, L), (K, L), (E, L)], 10: [(G, L), (E, L), (F, L), (L, H)], 11: [(G, L), (L, J), (E, L)]}","{1: [(A, [0]), (B, [1]), (C, [2]), (D, [3]), (E, [4]), (F, [5]), (G, [6]), (H, [7]), (I, [8]), (J, [9]), (K, [10]), (L, [11, 12])], 2: [(I, [8]), (B, [1]), (K, [10]), (F, [5]), (J, [9]), (L, [11, 12]), (D, [3]), (E, [4]), (H, [7]), (A, [0]), (C, [2]), (G, [6])], 3: [(E, [4]), (L, [11, 12]), (D, [3]), (B, [1]), (G, [6]), (C, [2]), (F, [5]), (J, [9]), (A, [0]), (K, [10]), (H, [7]), (I, [8])], 4: [(C, [2]), (E, [4]), (L, [11, 12]), (H, [7]), (G, [6]), (J, [9]), (A, [0]), (K, [10]), (F, [5]), (D, [3]), (B, [1]), (I, [8])], 5: [(A, [0]), (F, [5]), (C, [2]), (I, [8]), (L, [11, 12]), (G, [6]), (E, [4]), (D, [3]), (K, [10]), (H, [7]), (J, [9]), (B, [1])], 6: [(F, [5]), (K, [10]), (B, [1]), (H, [7]), (D, [3]), (A, [0]), (G, [6]), (E, [4]), (J, [9]), (I, [8]), (L, [11, 12]), (C, [2])], 7: [(E, [4]), (H, [7]), (B, [1]), (L, [11, 12]), (F, [5]), (A, [0]), (J, [9]), (K, [10]), (G, [6]), (I, [8]), (D, [3]), (C, [2])], 8: [(C, [2]), (H, [7]), (K, [10]), (E, [4]), (J, [9]), (I, [8]), (D, [3]), (F, [5]), (A, [0]), (B, [1]), (G, [6]), (L, [11, 12])], 9: [(H, [7]), (I, [8]), (E, [4]), (G, [6]), (B, [1]), (A, [0]), (C, [2]), (F, [5]), (L, [11, 12]), (D, [3]), (K, [10]), (J, [9])], 10: [(L, [10, 11, 12]), (H, [7]), (F, [5]), (G, [6]), (I, [8]), (J, [9]), (B, [1]), (C, [2]), (A, [0]), (E, [4]), (D, [3])], 11: [(C, [2]), (G, [6]), (E, [4]), (B, [1]), (J, [9]), (A, [0]), (I, [8]), (D, [3]), (F, [5]), (L, [7, 10, 11, 12])]}"
5,11,0.6452072871057467,46,0.07860511323632595,0.38489661820264853,0.6353695318439497,2,0.1,0.0311400652576473,12,"{0: [], 1: [(A, 0), (E, 4), (E, 5), (E, 6), (E, 7), (E, 8), (E, 9), (E, 10)], 2: [(A, 0)], 3: [(E, 10)], 4: [], 5: []}","{0: [], 1: [(C, E), (E, C), (B, E), (D, E)], 2: [(D, E), (E, B), (B, E)], 3: [(E, A), (D, E)], 4: [(E, D)], 5: []}","{1: [(A, [0]), (B, [1]), (C, [2]), (D, [3]), (E, [4, 5, 6, 7, 8, 9, 10])], 2: [(A, [0]), (E, [2, 4, 5, 6, 7, 8, 9, 10]), (B, [1]), (D, [3])], 3: [(D, [3]), (A, [0]), (E, [1, 2, 4, 5, 6, 7, 8, 9, 10])], 4: [(E, [0, 1, 2, 4, 5, 6, 7, 8, 9, 10]), (D, [3])], 5: [(E, [0, 1, 2, 3, 4, 5, 6, 7, 8, 9, 10])]}"
6,15,0.5444427267011647,43,0.07054537095166731,0.17414084840691763,0.46802826241291784,1,0.1,0.1543181521982465,10,"{0: [], 1: [(F, 5), (F, 6), (F, 7), (F, 8), (F, 9), (F, 10), (F, 11), (F, 12), (F, 13), (F, 14), (A, 0)], 2: [(E, 4), (A, 0), (F, 2), (F, 5), (F, 6), (F, 7), (F, 9), (F, 10), (F, 11), (F, 12), (F, 13)], 3: [], 4: [], 5: [], 6: [], 7: [], 8: [], 9: [], 10: [], 11: []}","{0: [], 1: [(F, C), (E, F), (D, F), (B, F), (C, F)], 2: [(F, B), (B, F), (D, F)], 3: [(F, A)], 4: [(F, E)], 5: [], 6: [], 7: [], 8: [], 9: [], 10: [], 11: []}","{1: [(A, [0]), (B, [1]), (C, [2]), (D, [3]), (E, [4]), (F, [5, 6, 7, 8, 9, 10, 11, 12, 13, 14])], 2: [(F, [2, 5, 6, 7, 8, 9, 10, 11, 12, 13, 14]), (E, [4]), (D, [3]), (B, [1]), (A, [0])], 3: [(E, [4]), (A, [0]), (F, [1, 2, 5, 6, 7, 8, 9, 10, 11, 12, 13, 14]), (D, [3])], 4: [(D, [3]), (F, [0, 1, 2, 5, 6, 7, 8, 9, 10, 11, 12, 13, 14]), (E, [4])], 5: [(F, [0, 1, 2, 4, 5, 6, 7, 8, 9, 10, 11, 12, 13, 14]), (D, [3])], 6: [(F, [0, 1, 2, 4, 5, 6, 7, 8, 9, 10, 11, 12, 13, 14]), (D, [3])], 7: [(F, [0, 1, 2, 4, 5, 6, 7, 8, 9, 10, 11, 12, 13, 14]), (D, [3])], 8: [(F, [0, 1, 2, 4, 5, 6, 7, 8, 9, 10, 11, 12, 13, 14]), (D, [3])], 9: [(F, [0, 1, 2, 4, 5, 6, 7, 8, 9, 10, 11, 12, 13, 14]), (D, [3])], 10: [(D, [3]), (F, [0, 1, 2, 4, 5, 6, 7, 8, 9, 10, 11, 12, 13, 14])], 11: [(D, [3]), (F, [0, 1, 2, 4, 5, 6, 7, 8, 9, 10, 11, 12, 13, 14])]}"
15,16,0.34125216969129746,53,0.22043190037658594,0.49646314436414174,0.670751235001641,2,0.1,0.16794981920072943,9,"{0: [], 1: [(M, 12), (N, 13), (O, 14), (O, 15)], 2: [(N, 13), (L, 11), (M, 12)], 3: [(M, 12), (N, 13)], 4: [(M, 12)], 5: [(M, 12)], 6: [(M, 12)], 7: [(M, 12)], 8: [(M, 12)], 9: [(M, 12)], 10: [(M, 12)], 11: [(M, 12)]}","{0: [], 1: [(A, O), (H, O), (M, N), (N, O), (E, M), (C, N), (D, O), (G, O), (L, N), (I, O), (K, N), (B, O), (O, N), (J, O), (F, O)], 2: [(F, O), (N, O), (E, M), (B, O), (H, O), (K, N), (J, O), (D, O), (C, N), (I, O), (M, N), (G, O), (A, O)], 3: [(C, N), (K, N), (D, O), (I, O), (L, N), (H, O), (F, O), (J, O), (A, O), (M, N), (B, O), (G, O), (N, O), (O, N), (E, M)], 4: [(C, N), (F, O), (G, O), (M, N), (L, N), (E, M), (D, O), (H, O), (A, O), (O, N), (J, O), (B, O), (I, O), (N, O), (K, N)], 5: [(I, O), (K, N), (G, O), (J, O), (E, M), (F, O), (M, N), (C, N), (D, O), (A, O), (H, O), (N, O), (B, O), (O, N), (L, N)], 6: [(B, O), (A, O), (N, O), (I, O), (F, O), (J, O), (C, N), (H, O), (E, M), (O, N), (D, O), (M, N), (G, O), (L, N), (K, N)], 7: [(G, O), (A, O), (H, O), (E, M), (B, O), (D, O), (J, O), (M, N), (F, O), (I, O), (C, N), (N, O), (K, N), (O, N)], 8: [(O, N), (C, N), (A, O), (H, O), (F, O), (D, O), (M, N), (I, O), (J, O), (K, N), (B, O), (E, M), (N, O), (L, N), (G, O)], 9: [(E, M), (N, O), (C, N), (K, N), (O, N), (B, O), (J, O), (H, O), (F, O), (A, O), (G, O), (M, N), (L, N), (D, O), (I, O)], 10: [(J, O), (N, O), (O, N), (K, N), (F, O), (B, O), (C, N), (L, N), (D, O), (A, O), (H, O), (G, O), (E, M), (I, O), (M, N)], 11: [(F, O), (K, N), (L, N), (I, O), (C, N), (M, N), (D, O), (E, M), (G, O), (J, O), (B, O), (H, O), (O, N), (A, O), (N, O)]}","{1: [(A, [0]), (B, [1]), (C, [2]), (D, [3]), (E, [4]), (F, [5]), (G, [6]), (H, [7]), (I, [8]), (J, [9]), (K, [10]), (L, [11]), (M, [12]), (N, [13]), (O, [14, 15])], 2: [(A, [0]), (H, [7]), (M, [12]), (N, [13]), (E, [4]), (C, [2]), (D, [3]), (G, [6]), (L, [11]), (I, [8]), (K, [10]), (B, [1]), (O, [14, 15]), (J, [9]), (F, [5])], 3: [(F, [5]), (N, [13]), (E, [4]), (O, [14, 15]), (B, [1]), (L, [11]), (H, [7]), (K, [10]), (J, [9]), (D, [3]), (C, [2]), (I, [8]), (M, [12]), (G, [6]), (A, [0])], 4: [(C, [2]), (K, [10]), (D, [3]), (I, [8]), (L, [11]), (H, [7]), (F, [5]), (J, [9]), (A, [0]), (M, [12]), (B, [1]), (G, [6]), (N, [13]), (O, [14, 15]), (E, [4])], 5: [(C, [2]), (F, [5]), (G, [6]), (M, [12]), (L, [11]), (E, [4]), (D, [3]), (H, [7]), (A, [0]), (O, [14, 15]), (J, [9]), (B, [1]), (I, [8]), (N, [13]), (K, [10])], 6: [(I, [8]), (K, [10]), (G, [6]), (J, [9]), (E, [4]), (F, [5]), (M, [12]), (C, [2]), (D, [3]), (A, [0]), (H, [7]), (N, [13]), (B, [1]), (O, [14, 15]), (L, [11])], 7: [(B, [1]), (A, [0]), (N, [13]), (I, [8]), (F, [5]), (J, [9]), (C, [2]), (H, [7]), (E, [4]), (O, [14, 15]), (D, [3]), (M, [12]), (G, [6]), (L, [11]), (K, [10])], 8: [(G, [6]), (A, [0]), (H, [7]), (E, [4]), (B, [1]), (D, [3]), (J, [9]), (L, [11]), (M, [12]), (F, [5]), (I, [8]), (C, [2]), (N, [13]), (K, [10]), (O, [14, 15])], 9: [(O, [14, 15]), (C, [2]), (A, [0]), (H, [7]), (F, [5]), (D, [3]), (M, [12]), (I, [8]), (J, [9]), (K, [10]), (B, [1]), (E, [4]), (N, [13]), (L, [11]), (G, [6])], 10: [(E, [4]), (N, [13]), (C, [2]), (K, [10]), (O, [14, 15]), (B, [1]), (J, [9]), (H, [7]), (F, [5]), (A, [0]), (G, [6]), (M, [12]), (L, [11]), (D, [3]), (I, [8])], 11: [(J, [9]), (N, [13]), (O, [14, 15]), (K, [10]), (F, [5]), (B, [1]), (C, [2]), (L, [11]), (D, [3]), (A, [0]), (H, [7]), (G, [6]), (E, [4]), (I, [8]), (M, [12])]}"
12,16,0.607066234901253,35,0.11322052242838658,0.49197248160218543,0.38559527300312124,2,0.1,0.13274696716805853,10,"{0: [], 1: [(G, 6), (A, 0), (L, 11), (L, 12), (L, 13), (L, 14), (L, 15), (C, 2), (F, 5), (I, 8)], 2: [(C, 2), (B, 1), (H, 7), (I, 8), (G, 6), (A, 0), (E, 4)], 3: [(G, 6), (B, 1), (F, 5), (C, 2), (E, 4)], 4: [(E, 4), (C, 2), (D, 3), (G, 6), (H, 7)], 5: [(A, 0), (G, 6), (H, 7), (C, 2), (D, 3)], 6: [(B, 1), (L, 14)], 7: [(B, 1), (H, 7)], 8: [(A, 0)], 9: [(H, 7)], 10: [(G, 6), (H, 7)], 11: [(G, 6)]}","{0: [], 1: [(D, L), (E, L), (K, L), (L, K), (H, L), (J, L), (B, L)], 2: [(D, L), (J, L), (F, L), (L, J)], 3: [(H, L), (L, I), (D, L)], 4: [(L, F)], 5: [(L, E)], 6: [(H, L), (L, D)], 7: [(L, C)], 8: [(L, B)], 9: [(L, A)], 10: [(L, G)], 11: [(L, G)]}","{1: [(A, [0]), (B, [1]), (C, [2]), (D, [3]), (E, [4]), (F, [5]), (G, [6]), (H, [7]), (I, [8]), (J, [9]), (K, [10]), (L, [11, 12, 13, 14, 15])], 2: [(D, [3]), (G, [6]), (E, [4]), (A, [0]), (L, [10, 11, 12, 13, 14, 15]), (C, [2]), (H, [7]), (F, [5]), (J, [9]), (B, [1]), (I, [8])], 3: [(C, [2]), (B, [1]), (D, [3]), (H, [7]), (I, [8]), (G, [6]), (A, [0]), (F, [5]), (E, [4]), (L, [9, 10, 11, 12, 13, 14, 15])], 4: [(G, [6]), (B, [1]), (F, [5]), (A, [0]), (H, [7]), (C, [2]), (L, [8, 9, 10, 11, 12, 13, 14, 15]), (D, [3]), (E, [4])], 5: [(E, [4]), (A, [0]), (C, [2]), (D, [3]), (L, [5, 8, 9, 10, 11, 12, 13, 14, 15]), (G, [6]), (B, [1]), (H, [7])], 6: [(A, [0]), (G, [6]), (B, [1]), (H, [7]), (L, [4, 5, 8, 9, 10, 11, 12, 13, 14, 15]), (C, [2]), (D, [3])], 7: [(B, [1]), (C, [2]), (A, [0]), (G, [6]), (H, [7]), (L, [3, 4, 5, 8, 9, 10, 11, 12, 13, 14, 15])], 8: [(B, [1]), (L, [2, 3, 4, 5, 8, 9, 10, 11, 12, 13, 14, 15]), (A, [0]), (G, [6]), (H, [7])], 9: [(H, [7]), (A, [0]), (L, [1, 2, 3, 4, 5, 8, 9, 10, 11, 12, 13, 14, 15]), (G, [6])], 10: [(H, [7]), (G, [6]), (L, [0, 1, 2, 3, 4, 5, 8, 9, 10, 11, 12, 13, 14, 15])], 11: [(G, [6]), (H, [7]), (L, [0, 1, 2, 3, 4, 5, 8, 9, 10, 11, 12, 13, 14, 15])]}"
9,14,0.27332851295072036,43,0.2047135017140007,0.14070715450579294,0.28223559332474646,3,0.1,0.12729421427246582,14,"{0: [], 1: [(I, 8), (I, 9), (I, 10), (I, 11), (I, 12), (I, 13)], 2: [], 3: [], 4: [], 5: [], 6: [(E, 4)], 7: [(E, 4), (B, 1)], 8: [(E, 4)], 9: [], 10: [(I, 11)], 11: []}","{0: [], 1: [(C, I), (F, I), (I, H), (B, I), (G, I), (E, I), (A, I), (H, I), (D, I)], 2: [(A, I), (E, I), (F, I), (C, I), (B, I), (G, I), (D, I)], 3: [(G, I), (E, I), (C, I), (B, I), (D, I), (I, D), (A, I), (F, I)], 4: [(I, G), (G, I), (A, I), (C, I), (B, I), (E, I), (F, I)], 5: [(B, I), (A, I), (E, I), (F, I), (C, I)], 6: [(F, I), (B, I), (A, I), (I, F), (C, I)], 7: [(A, I), (I, C)], 8: [(A, I), (I, B)], 9: [(A, I), (I, E)], 10: [(A, I)], 11: [(I, A), (A, I)]}","{1: [(A, [0]), (B, [1]), (C, [2]), (D, [3]), (E, [4]), (F, [5]), (G, [6]), (H, [7]), (I, [8, 9, 10, 11, 12, 13])], 2: [(C, [2]), (F, [5]), (I, [7, 8, 9, 10, 11, 12, 13]), (B, [1]), (G, [6]), (E, [4]), (A, [0]), (D, [3])], 3: [(A, [0]), (E, [4]), (F, [5]), (C, [2]), (B, [1]), (G, [6]), (D, [3]), (I, [7, 8, 9, 10, 11, 12, 13])], 4: [(G, [6]), (E, [4]), (C, [2]), (B, [1]), (I, [3, 7, 8, 9, 10, 11, 12, 13]), (A, [0]), (F, [5])], 5: [(I, [3, 6, 7, 8, 9, 10, 11, 12, 13]), (A, [0]), (C, [2]), (B, [1]), (E, [4]), (F, [5])], 6: [(B, [1]), (A, [0]), (E, [4]), (F, [5]), (C, [2]), (I, [3, 6, 7, 8, 9, 10, 11, 12, 13])], 7: [(E, [4]), (B, [1]), (A, [0]), (I, [3, 5, 6, 7, 8, 9, 10, 11, 12, 13]), (C, [2])], 8: [(E, [4]), (B, [1]), (A, [0]), (I, [2, 3, 5, 6, 7, 8, 9, 10, 11, 12, 13])], 9: [(A, [0]), (I, [1, 2, 3, 5, 6, 7, 8, 9, 10, 11, 12, 13]), (E, [4])], 10: [(A, [0]), (I, [1, 2, 3, 4, 5, 6, 7, 8, 9, 10, 11, 12, 13])], 11: [(A, [0]), (I, [1, 2, 3, 4, 5, 6, 7, 8, 9, 10, 11, 12, 13])]}"
10,11,0.5900574507905206,56,0.15095056571556614,0.31531285019201183,0.317511123625777,1,0.1,0.051045817884121596,12,"{0: [], 1: [(B, 1), (J, 9), (J, 10), (I, 8)], 2: [(J, 9), (J, 10), (I, 8)], 3: [(I, 8), (F, 5)], 4: [(I, 8)], 5: [(F, 5), (I, 8)], 6: [(I, 8)], 7: [(F, 5), (I, 8)], 8: [(I, 8), (F, 5)], 9: [(B, 1), (F, 5)], 10: [(B, 1), (I, 8)], 11: [(I, 8)]}","{0: [], 1: [(F, J), (D, J), (A, J), (I, H), (H, J), (C, J), (G, J), (E, J)], 2: [(D, J), (E, J), (G, J), (J, H), (C, J), (A, J), (I, H), (F, J), (H, J), (B, J)], 3: [(A, J), (J, I), (C, J), (B, J), (I, J), (D, J), (G, J), (E, J)], 4: [(E, J), (J, I), (F, J), (G, J), (D, J), (C, J), (A, J), (B, J), (I, J)], 5: [(A, J), (J, I), (B, J), (C, J), (E, J), (G, J), (I, J), (D, J)], 6: [(J, I), (C, J), (F, J), (G, J), (I, J), (E, J), (D, J), (A, J), (B, J)], 7: [(D, J), (E, J), (C, J), (A, J), (G, J), (I, J), (J, I)], 8: [(C, J), (A, J), (I, J), (B, J), (D, J), (G, J), (J, I), (E, J)], 9: [(J, I), (E, J), (G, J), (A, J), (C, J), (D, J), (I, J)], 10: [(A, J), (J, I), (C, J), (G, J), (D, J), (E, J)], 11: [(C, J), (G, J), (D, J), (J, I), (A, J), (B, J), (E, J)]}","{1: [(A, [0]), (B, [1]), (C, [2]), (D, [3]), (E, [4]), (F, [5]), (G, [6]), (H, [7]), (I, [8]), (J, [9, 10])], 2: [(B, [1]), (J, [9, 10]), (F, [5]), (D, [3]), (A, [0]), (I, [8]), (H, [7]), (C, [2]), (G, [6]), (E, [4])], 3: [(D, [3]), (E, [4]), (G, [6]), (J, [9, 10]), (C, [2]), (A, [0]), (I, [7, 8]), (F, [5]), (B, [1])], 4: [(A, [0]), (J, [9, 10]), (C, [2]), (B, [1]), (I, [7, 8]), (D, [3]), (G, [6]), (E, [4]), (F, [5])], 5: [(E, [4]), (J, [9, 10]), (F, [5]), (G, [6]), (D, [3]), (C, [2]), (A, [0]), (B, [1]), (I, [7, 8])], 6: [(A, [0]), (J, [9, 10]), (B, [1]), (F, [5]), (C, [2]), (E, [4]), (G, [6]), (I, [7, 8]), (D, [3])], 7: [(J, [7, 9, 10]), (C, [2]), (F, [5]), (G, [6]), (I, [8]), (E, [4]), (D, [3]), (A, [0]), (B, [1])], 8: [(D, [3]), (E, [4]), (C, [2]), (B, [1]), (F, [5]), (A, [0]), (G, [6]), (I, [8]), (J, [7, 9, 10])], 9: [(C, [2]), (A, [0]), (I, [7, 8]), (F, [5]), (B, [1]), (D, [3]), (G, [6]), (J, [9, 10]), (E, [4])], 10: [(B, [1]), (J, [7, 9, 10]), (E, [4]), (G, [6]), (A, [0]), (C, [2]), (D, [3]), (F, [5]), (I, [8])], 11: [(F, [5]), (B, [1]), (A, [0]), (J, [7, 9, 10]), (C, [2]), (G, [6]), (D, [3]), (E, [4]), (I, [8])]}"
10,12,0.4794171546266727,44,0.1250951200915359,0.4491915673886171,0.13888199052861322,1,0.1,0.18666294226288982,10,"{0: [], 1: [(J, 9), (J, 10), (J, 11), (I, 8), (E, 4), (D, 3)], 2: [(I, 8), (F, 5), (J, 7), (J, 9), (J, 10), (J, 11), (D, 3)], 3: [(J, 6), (J, 7), (J, 9), (J, 10), (J, 11), (F, 5)], 4: [(E, 4)], 5: [(C, 2), (J, 5), (J, 10)], 6: [(E, 4), (B, 1), (C, 2)], 7: [(I, 8), (E, 4), (B, 1)], 8: [(E, 4), (J, 10), (B, 1)], 9: [(C, 2), (B, 1), (E, 4)], 10: [(E, 4), (B, 1)], 11: [(B, 1), (E, 4)]}","{0: [], 1: [(J, H), (C, J), (A, J), (H, J), (F, J), (B, J), (G, J)], 2: [(A, J), (J, G), (G, J), (E, J), (B, J), (C, J)], 3: [(A, J), (C, J), (B, J)], 4: [(C, J), (J, F), (A, J), (B, J)], 5: [(B, J), (J, A)], 6: [(J, E)], 7: [(J, E)], 8: [(C, J), (J, E)], 9: [(J, E)], 10: [(J, E)], 11: [(J, E)]}","{1: [(A, [0]), (B, [1]), (C, [2]), (D, [3]), (E, [4]), (F, [5]), (G, [6]), (H, [7]), (I, [8]), (J, [9, 10, 11])], 2: [(J, [7, 9, 10, 11]), (I, [8]), (E, [4]), (D, [3]), (C, [2]), (A, [0]), (F, [5]), (B, [1]), (G, [6])], 3: [(I, [8]), (F, [5]), (A, [0]), (J, [6, 7, 9, 10, 11]), (E, [4]), (B, [1]), (D, [3]), (C, [2])], 4: [(A, [0]), (D, [3]), (J, [6, 7, 9, 10, 11]), (F, [5]), (E, [4]), (C, [2]), (I, [8]), (B, [1])], 5: [(D, [3]), (I, [8]), (C, [2]), (J, [5, 6, 7, 9, 10, 11]), (A, [0]), (B, [1]), (E, [4])], 6: [(I, [8]), (B, [1]), (D, [3]), (C, [2]), (J, [0, 5, 6, 7, 9, 10, 11]), (E, [4])], 7: [(D, [3]), (E, [4]), (J, [0, 5, 6, 7, 9, 10, 11]), (B, [1]), (C, [2]), (I, [8])], 8: [(D, [3]), (C, [2]), (J, [0, 5, 6, 7, 9, 10, 11]), (I, [8]), (E, [4]), (B, [1])], 9: [(C, [2]), (D, [3]), (E, [4]), (I, [8]), (J, [0, 5, 6, 7, 9, 10, 11]), (B, [1])], 10: [(J, [0, 5, 6, 7, 9, 10, 11]), (C, [2]), (I, [8]), (B, [1]), (D, [3]), (E, [4])], 11: [(E, [4]), (I, [8]), (D, [3]), (C, [2]), (B, [1]), (J, [0, 5, 6, 7, 9, 10, 11])]}"
16,17,0.34345609190233445,50,0.2488073623476647,0.40988054638384974,0.7406094831530227,3,0.1,0.10898443064987283,11,"{0: [], 1: [(L, 11), (N, 13), (P, 15), (P, 16), (O, 14), (K, 10), (M, 12)], 2: [(N, 13), (P, 15), (P, 16), (O, 14), (M, 12), (K, 10)], 3: [(N, 13), (K, 10), (O, 14), (M, 12)], 4: [(J, 9), (N, 13), (O, 14), (M, 12)], 5: [(M, 12), (N, 13), (O, 14)], 6: [(G, 6), (M, 12), (D, 3), (N, 13), (O, 14)], 7: [(O, 14), (M, 12), (N, 13)], 8: [(D, 3), (N, 13), (O, 14), (M, 12)], 9: [(M, 12), (O, 14), (N, 13)], 10: [(M, 12), (O, 14), (D, 3), (J, 9), (N, 13)], 11: [(N, 13), (M, 12), (O, 14)]}","{0: [], 1: [(E, P), (C, M), (I, P), (D, P), (A, P), (N, P), (P, M), (O, M), (H, K), (F, N), (B, O), (K, H), (J, P), (M, P), (G, P)], 2: [(N, P), (F, N), (J, P), (G, P), (A, P), (P, M), (O, M), (M, P), (L, P), (E, P), (B, O), (I, P), (C, M), (D, P)], 3: [(G, P), (N, P), (F, N), (O, M), (C, M), (E, P), (M, P), (I, P), (D, P), (L, P), (B, O), (A, P), (P, M), (J, P)], 4: [(F, N), (P, M), (N, P), (O, M), (M, P), (B, O), (D, P), (G, P), (I, P), (A, P), (E, P), (C, M), (L, P)], 5: [(M, P), (P, M), (G, P), (C, M), (E, P), (N, P), (F, N), (B, O), (L, P), (I, P), (D, P), (A, P), (O, M)], 6: [(B, O), (L, P), (M, P), (P, M), (I, P), (A, P), (C, M), (F, N), (J, P), (E, P), (N, P), (O, M)], 7: [(E, P), (I, P), (D, P), (O, M), (M, P), (J, P), (P, M), (L, P), (C, M), (B, O), (N, P), (G, P), (A, P), (F, N)], 8: [(B, O), (F, N), (E, P), (P, M), (G, P), (A, P), (N, P), (L, P), (C, M), (I, P), (O, M), (J, P), (M, P)], 9: [(F, N), (E, P), (A, P), (B, O), (M, P), (C, M), (L, P), (D, P), (J, P), (P, M), (O, M), (N, P), (G, P), (I, P)], 10: [(B, O), (M, P), (O, M), (L, P), (P, M), (C, M), (I, P), (A, P), (N, P), (G, P), (F, N), (E, P)], 11: [(N, P), (E, P), (F, N), (J, P), (L, P), (M, P), (D, P), (O, M), (A, P), (C, M), (B, O), (I, P), (P, M)]}","{1: [(A, [0]), (B, [1]), (C, [2]), (D, [3]), (E, [4]), (F, [5]), (G, [6]), (H, [7]), (I, [8]), (J, [9]), (K, [10]), (L, [11]), (M, [12]), (N, [13]), (O, [14]), (P, [15, 16])], 2: [(E, [4]), (L, [11]), (C, [2]), (I, [8]), (D, [3]), (A, [0]), (N, [13]), (P, [15, 16]), (O, [14]), (F, [5]), (B, [1]), (K, [7, 10]), (J, [9]), (M, [12]), (G, [6])], 3: [(N, [13]), (F, [5]), (J, [9]), (G, [6]), (A, [0]), (P, [15, 16]), (O, [14]), (M, [12]), (K, [7, 10]), (L, [11]), (E, [4]), (B, [1]), (I, [8]), (C, [2]), (D, [3])], 4: [(G, [6]), (N, [13]), (K, [7, 10]), (F, [5]), (O, [14]), (C, [2]), (E, [4]), (M, [12]), (I, [8]), (D, [3]), (L, [11]), (B, [1]), (A, [0]), (P, [15, 16]), (J, [9])], 5: [(K, [7, 10]), (F, [5]), (J, [9]), (P, [15, 16]), (N, [13]), (O, [14]), (M, [12]), (B, [1]), (D, [3]), (G, [6]), (I, [8]), (A, [0]), (E, [4]), (C, [2]), (L, [11])], 6: [(J, [9]), (M, [12]), (P, [15, 16]), (K, [7, 10]), (G, [6]), (C, [2]), (E, [4]), (N, [13]), (F, [5]), (B, [1]), (L, [11]), (I, [8]), (D, [3]), (A, [0]), (O, [14])], 7: [(B, [1]), (L, [11]), (G, [6]), (M, [12]), (P, [15, 16]), (D, [3]), (I, [8]), (A, [0]), (C, [2]), (F, [5]), (J, [9]), (E, [4]), (K, [7, 10]), (N, [13]), (O, [14])], 8: [(K, [7, 10]), (E, [4]), (I, [8]), (D, [3]), (O, [14]), (M, [12]), (J, [9]), (P, [15, 16]), (L, [11]), (C, [2]), (B, [1]), (N, [13]), (G, [6]), (A, [0]), (F, [5])], 9: [(B, [1]), (F, [5]), (K, [7, 10]), (D, [3]), (E, [4]), (P, [15, 16]), (G, [6]), (A, [0]), (N, [13]), (L, [11]), (C, [2]), (I, [8]), (O, [14]), (J, [9]), (M, [12])], 10: [(F, [5]), (E, [4]), (A, [0]), (K, [7, 10]), (B, [1]), (M, [12]), (C, [2]), (L, [11]), (D, [3]), (J, [9]), (P, [15, 16]), (O, [14]), (N, [13]), (G, [6]), (I, [8])], 11: [(B, [1]), (M, [12]), (O, [14]), (D, [3]), (L, [11]), (K, [7, 10]), (J, [9]), (P, [15, 16]), (C, [2]), (I, [8]), (A, [0]), (N, [13]), (G, [6]), (F, [5]), (E, [4])]}"
9,15,0.36440417419637083,39,0.2637693877290527,0.2715781978241072,0.34250466501745885,3,0.1,0.14405526448513162,12,"{0: [], 1: [(I, 8), (I, 9), (I, 10), (I, 11), (I, 12), (I, 13), (I, 14), (E, 4), (A, 0), (D, 3)], 2: [(H, 7), (D, 3), (E, 4), (I, 9)], 3: [(H, 7)], 4: [(H, 7)], 5: [], 6: [], 7: [], 8: [(H, 7)], 9: [], 10: [(I, 13)], 11: [(I, 10)]}","{0: [], 1: [(F, I), (B, I), (G, I), (I, G), (H, I), (C, I)], 2: [(C, I), (A, I), (B, I), (I, F), (F, I)], 3: [(A, I), (I, F), (F, I), (B, I), (C, I)], 4: [(A, I), (C, I), (B, I)], 5: [(A, I), (I, E), (C, I), (B, I)], 6: [(B, I), (A, I), (C, I)], 7: [(A, I), (C, I), (B, I)], 8: [(A, I), (I, C), (B, I), (C, I)], 9: [(I, H), (A, I), (B, I), (H, I)], 10: [(A, I), (B, I), (I, A)], 11: [(I, D), (B, I)]}","{1: [(A, [0]), (B, [1]), (C, [2]), (D, [3]), (E, [4]), (F, [5]), (G, [6]), (H, [7]), (I, [8, 9, 10, 11, 12, 13, 14])], 2: [(F, [5]), (B, [1]), (I, [6, 8, 9, 10, 11, 12, 13, 14]), (H, [7]), (E, [4]), (C, [2]), (A, [0]), (D, [3])], 3: [(C, [2]), (A, [0]), (H, [7]), (B, [1]), (D, [3]), (E, [4]), (I, [6, 8, 9, 10, 11, 12, 13, 14]), (F, [5])], 4: [(E, [4]), (A, [0]), (I, [5, 6, 8, 9, 10, 11, 12, 13, 14]), (D, [3]), (H, [7]), (B, [1]), (C, [2])], 5: [(A, [0]), (H, [7]), (I, [5, 6, 8, 9, 10, 11, 12, 13, 14]), (C, [2]), (E, [4]), (B, [1]), (D, [3])], 6: [(A, [0]), (I, [4, 5, 6, 8, 9, 10, 11, 12, 13, 14]), (H, [7]), (C, [2]), (D, [3]), (B, [1])], 7: [(D, [3]), (H, [7]), (I, [4, 5, 6, 8, 9, 10, 11, 12, 13, 14]), (B, [1]), (A, [0]), (C, [2])], 8: [(I, [4, 5, 6, 8, 9, 10, 11, 12, 13, 14]), (A, [0]), (H, [7]), (D, [3]), (C, [2]), (B, [1])], 9: [(D, [3]), (A, [0]), (H, [7]), (I, [2, 4, 5, 6, 8, 9, 10, 11, 12, 13, 14]), (B, [1])], 10: [(I, [2, 4, 5, 6, 7, 8, 9, 10, 11, 12, 13, 14]), (A, [0]), (B, [1]), (D, [3])], 11: [(B, [1]), (D, [3]), (I, [0, 2, 4, 5, 6, 7, 8, 9, 10, 11, 12, 13, 14])]}"
12,16,0.2598367012069141,42,0.28069756926629064,0.27456798368563895,0.4630762313567446,2,0.1,0.1845214210010827,12,"{0: [], 1: [(K, 10), (L, 11), (L, 12), (L, 13), (L, 14), (L, 15), (I, 8), (J, 9), (F, 5)], 2: [(K, 10), (L, 13), (A, 0), (J, 9), (I, 8)], 3: [(J, 9), (A, 0), (L, 13), (K, 10)], 4: [(K, 10), (B, 1), (A, 0), (L, 15)], 5: [(A, 0), (K, 10)], 6: [], 7: [], 8: [(L, 9)], 9: [], 10: [], 11: []}","{0: [], 1: [(G, L), (B, J), (L, H), (E, K), (A, F), (D, L), (H, L), (J, L), (C, L), (F, L)], 2: [(F, L), (L, F), (B, J), (G, L), (J, L), (C, L), (D, L), (E, K)], 3: [(L, C), (G, L), (E, K), (B, J), (D, L), (C, L)], 4: [(E, K), (G, L), (L, J)], 5: [(L, D), (E, K), (G, L), (B, L)], 6: [(E, K), (B, L), (L, G)], 7: [(L, K), (B, L)], 8: [(B, L)], 9: [], 10: [], 11: [(L, K)]}","{1: [(A, [0]), (B, [1]), (C, [2]), (D, [3]), (E, [4]), (F, [5]), (G, [6]), (H, [7]), (I, [8]), (J, [9]), (K, [10]), (L, [11, 12, 13, 14, 15])], 2: [(K, [10]), (G, [6]), (B, [1]), (L, [7, 11, 12, 13, 14, 15]), (E, [4]), (I, [8]), (A, [0]), (D, [3]), (J, [9]), (C, [2]), (F, [5])], 3: [(K, [10]), (L, [5, 7, 11, 12, 13, 14, 15]), (B, [1]), (G, [6]), (A, [0]), (J, [9]), (C, [2]), (D, [3]), (I, [8]), (E, [4])], 4: [(J, [9]), (A, [0]), (I, [8]), (L, [2, 5, 7, 11, 12, 13, 14, 15]), (G, [6]), (E, [4]), (B, [1]), (K, [10]), (D, [3])], 5: [(I, [8]), (E, [4]), (K, [10]), (G, [6]), (B, [1]), (D, [3]), (A, [0]), (L, [2, 5, 7, 9, 11, 12, 13, 14, 15])], 6: [(L, [2, 3, 5, 7, 9, 11, 12, 13, 14, 15]), (E, [4]), (I, [8]), (A, [0]), (G, [6]), (K, [10]), (B, [1])], 7: [(K, [10]), (E, [4]), (A, [0]), (B, [1]), (I, [8]), (L, [2, 3, 5, 6, 7, 9, 11, 12, 13, 14, 15])], 8: [(L, [2, 3, 5, 6, 7, 9, 11, 12, 13, 14, 15]), (K, [10]), (E, [4]), (A, [0]), (I, [8]), (B, [1])], 9: [(I, [8]), (K, [10]), (E, [4]), (L, [2, 3, 5, 6, 7, 9, 11, 12, 13, 14, 15]), (B, [1]), (A, [0])], 10: [(B, [1]), (L, [2, 3, 5, 6, 7, 9, 11, 12, 13, 14, 15]), (A, [0]), (E, [4]), (I, [8]), (K, [10])], 11: [(L, [2, 3, 5, 6, 7, 9, 11, 12, 13, 14, 15]), (K, [10]), (I, [8]), (A, [0]), (E, [4]), (B, [1])]}"
6,11,0.689400006888981,52,0.07101986583492807,0.17928509419062222,0.4341752393749261,2,0.1,0.13355057960043853,11,"{0: [], 1: [(E, 4), (B, 1), (F, 5), (F, 6), (F, 7), (F, 8), (F, 9), (F, 10)], 2: [(F, 7), (E, 4), (B, 1)], 3: [], 4: [(E, 4), (A, 0)], 5: [(E, 4)], 6: [], 7: []}","{0: [], 1: [(D, F), (A, F), (F, D), (C, F)], 2: [(F, C), (A, F), (C, F)], 3: [(A, F), (E, F)], 4: [(F, B)], 5: [(A, F), (F, A)], 6: [(F, E)], 7: []}","{1: [(A, [0]), (B, [1]), (C, [2]), (D, [3]), (E, [4]), (F, [5, 6, 7, 8, 9, 10])], 2: [(E, [4]), (B, [1]), (A, [0]), (F, [3, 5, 6, 7, 8, 9, 10]), (C, [2])], 3: [(F, [2, 3, 5, 6, 7, 8, 9, 10]), (E, [4]), (B, [1]), (A, [0])], 4: [(A, [0]), (E, [4]), (B, [1]), (F, [2, 3, 5, 6, 7, 8, 9, 10])], 5: [(E, [4]), (A, [0]), (F, [1, 2, 3, 5, 6, 7, 8, 9, 10])], 6: [(F, [0, 1, 2, 3, 5, 6, 7, 8, 9, 10]), (E, [4])], 7: [(F, [0, 1, 2, 3, 4, 5, 6, 7, 8, 9, 10])]}"
5,12,0.41020215584957054,49,0.12493934082755874,0.30303814790564143,0.24894024619637517,5,0.1,0.04722772461059306,7,"{0: [], 1: [(B, 1), (E, 4), (E, 5), (E, 6), (E, 7), (E, 8), (E, 9), (E, 10), (E, 11)], 2: [(B, 1)], 3: [(E, 11), (B, 1)], 4: [(E, 10)], 5: [], 6: [], 7: [], 8: [], 9: [], 10: [], 11: []}","{0: [], 1: [(C, E), (E, D), (D, E), (A, E)], 2: [(A, E), (E, C)], 3: [(A, E)], 4: [(E, B)], 5: [], 6: [], 7: [], 8: [], 9: [], 10: [], 11: []}","{1: [(A, [0]), (B, [1]), (C, [2]), (D, [3]), (E, [4, 5, 6, 7, 8, 9, 10, 11])], 2: [(C, [2]), (B, [1]), (E, [3, 4, 5, 6, 7, 8, 9, 10, 11]), (A, [0])], 3: [(A, [0]), (E, [2, 3, 4, 5, 6, 7, 8, 9, 10, 11]), (B, [1])], 4: [(A, [0]), (E, [2, 3, 4, 5, 6, 7, 8, 9, 10, 11]), (B, [1])], 5: [(E, [1, 2, 3, 4, 5, 6, 7, 8, 9, 10, 11]), (A, [0])], 6: [(E, [1, 2, 3, 4, 5, 6, 7, 8, 9, 10, 11]), (A, [0])], 7: [(A, [0]), (E, [1, 2, 3, 4, 5, 6, 7, 8, 9, 10, 11])], 8: [(A, [0]), (E, [1, 2, 3, 4, 5, 6, 7, 8, 9, 10, 11])], 9: [(E, [1, 2, 3, 4, 5, 6, 7, 8, 9, 10, 11]), (A, [0])], 10: [(A, [0]), (E, [1, 2, 3, 4, 5, 6, 7, 8, 9, 10, 11])], 11: [(A, [0]), (E, [1, 2, 3, 4, 5, 6, 7, 8, 9, 10, 11])]}"
14,15,0.43493371055502306,50,0.09396403327411816,0.43237697877118253,0.4782124293732778,1,0.1,0.05720404219515734,8,"{0: [], 1: [(N, 13), (N, 14), (K, 10), (G, 6), (C, 2), (M, 12), (E, 4)], 2: [(M, 12), (E, 4), (C, 2), (G, 6), (H, 7), (K, 10)], 3: [(H, 7), (K, 10), (M, 12)], 4: [(M, 12), (K, 10)], 5: [(C, 2)], 6: [(K, 10)], 7: [(K, 10)], 8: [(E, 4)], 9: [(K, 10)], 10: [(D, 3)], 11: [(B, 1)]}","{0: [], 1: [(D, N), (L, N), (J, M), (B, N), (A, N), (I, N), (F, N), (H, M), (M, N)], 2: [(D, N), (L, N), (M, N), (I, N), (B, N), (A, N), (F, N), (J, M), (N, M)], 3: [(B, N), (L, N), (N, M), (F, N), (A, N), (I, N), (J, M), (D, N), (M, N)], 4: [(J, M), (C, K), (I, N), (D, N), (N, M), (M, N), (A, N), (F, N), (B, N), (L, N)], 5: [(F, N), (A, N), (D, N), (M, N), (B, N), (L, N), (K, N), (I, N), (H, M), (J, M), (N, M)], 6: [(N, M), (F, N), (D, N), (H, M), (J, M), (L, N), (I, N), (C, K), (B, N), (A, N), (M, N)], 7: [(C, K), (J, M), (I, N), (B, N), (N, M), (H, M), (K, N), (D, N), (A, N), (L, N), (F, N), (M, N), (E, N)], 8: [(H, M), (D, N), (F, N), (N, M), (C, K), (B, N), (J, M), (L, N), (M, N), (A, N), (K, N), (I, N)], 9: [(H, M), (B, N), (C, K), (D, N), (A, N), (I, N), (K, N), (L, N), (M, N), (J, M), (F, N)], 10: [(M, N), (G, K), (F, N), (J, M), (H, M), (L, N), (B, N), (A, N), (K, N), (N, K), (I, N), (E, K)], 11: [(J, M), (D, N), (E, K), (G, K), (F, N), (K, N), (H, M), (I, N), (N, K), (M, N), (L, N)]}","{1: [(A, [0]), (B, [1]), (C, [2]), (D, [3]), (E, [4]), (F, [5]), (G, [6]), (H, [7]), (I, [8]), (J, [9]), (K, [10]), (L, [11]), (M, [12]), (N, [13, 14])], 2: [(D, [3]), (N, [13, 14]), (K, [10]), (L, [11]), (J, [9]), (B, [1]), (A, [0]), (G, [6]), (I, [8]), (C, [2]), (F, [5]), (H, [7]), (M, [12]), (E, [4])], 3: [(D, [3]), (L, [11]), (M, [12]), (E, [4]), (I, [8]), (C, [2]), (B, [1]), (G, [6]), (H, [7]), (A, [0]), (F, [5]), (J, [9]), (K, [10]), (N, [13, 14])], 4: [(C, [2]), (B, [1]), (L, [11]), (N, [13, 14]), (E, [4]), (F, [5]), (A, [0]), (H, [7]), (K, [10]), (G, [6]), (I, [8]), (J, [9]), (D, [3]), (M, [12])], 5: [(J, [9]), (C, [2]), (I, [8]), (D, [3]), (G, [6]), (N, [13, 14]), (M, [12]), (A, [0]), (F, [5]), (K, [10]), (H, [7]), (B, [1]), (L, [11]), (E, [4])], 6: [(F, [5]), (A, [0]), (D, [3]), (M, [12]), (B, [1]), (L, [11]), (E, [4]), (K, [10]), (G, [6]), (C, [2]), (I, [8]), (H, [7]), (J, [9]), (N, [13, 14])], 7: [(N, [13, 14]), (F, [5]), (D, [3]), (G, [6]), (H, [7]), (J, [9]), (L, [11]), (I, [8]), (C, [2]), (B, [1]), (K, [10]), (A, [0]), (M, [12]), (E, [4])], 8: [(C, [2]), (J, [9]), (I, [8]), (B, [1]), (N, [13, 14]), (G, [6]), (H, [7]), (K, [10]), (D, [3]), (A, [0]), (L, [11]), (F, [5]), (M, [12]), (E, [4])], 9: [(H, [7]), (D, [3]), (F, [5]), (E, [4]), (N, [13]), (G, [6]), (C, [2]), (B, [1]), (J, [9]), (L, [11]), (M, [12]), (A, [0]), (K, [10, 14]), (I, [8])], 10: [(H, [7]), (B, [1]), (C, [2]), (E, [4]), (N, [13]), (G, [6]), (D, [3]), (A, [0]), (I, [8]), (K, [10, 14]), (L, [11]), (M, [12]), (J, [9]), (F, [5])], 11: [(M, [12]), (G, [6]), (F, [5]), (J, [9]), (H, [7]), (L, [11]), (B, [1]), (A, [0]), (K, [10, 14]), (N, [13]), (I, [8]), (E, [4]), (D, [3]), (C, [2])]}"
7,15,0.4665657212281089,48,0.18272140136406123,0.232103895121239,0.5086593676364483,5,0.1,0.15055904120358762,13,"{0: [], 1: [(G, 6), (G, 7), (G, 8), (G, 9), (G, 10), (G, 11), (G, 12), (G, 13), (G, 14)], 2: [], 3: [], 4: [], 5: [], 6: [], 7: [], 8: [], 9: [], 10: [], 11: []}","{0: [], 1: [(E, G), (G, C), (A, G), (B, G), (F, G), (C, G), (D, G)], 2: [(E, G), (A, G)], 3: [(E, G), (A, G)], 4: [(E, G), (A, G)], 5: [(A, G), (E, G)], 6: [(E, G), (A, G)], 7: [(A, G), (E, G)], 8: [(A, G), (E, G)], 9: [(E, G), (A, G)], 10: [(A, G), (E, G)], 11: [(A, G), (E, G)]}","{1: [(A, [0]), (B, [1]), (C, [2]), (D, [3]), (E, [4]), (F, [5]), (G, [6, 7, 8, 9, 10, 11, 12, 13, 14])], 2: [(E, [4]), (G, [2, 6, 7, 8, 9, 10, 11, 12, 13, 14]), (A, [0]), (B, [1]), (F, [5]), (D, [3])], 3: [(F, [5]), (G, [2, 6, 7, 8, 9, 10, 11, 12, 13, 14]), (B, [1]), (E, [4]), (D, [3]), (A, [0])], 4: [(E, [4]), (F, [5]), (A, [0]), (D, [3]), (G, [2, 6, 7, 8, 9, 10, 11, 12, 13, 14]), (B, [1])], 5: [(E, [4]), (F, [5]), (D, [3]), (G, [2, 6, 7, 8, 9, 10, 11, 12, 13, 14]), (B, [1]), (A, [0])], 6: [(G, [2, 6, 7, 8, 9, 10, 11, 12, 13, 14]), (B, [1]), (A, [0]), (D, [3]), (E, [4]), (F, [5])], 7: [(E, [4]), (F, [5]), (G, [2, 6, 7, 8, 9, 10, 11, 12, 13, 14]), (A, [0]), (D, [3]), (B, [1])], 8: [(B, [1]), (A, [0]), (G, [2, 6, 7, 8, 9, 10, 11, 12, 13, 14]), (E, [4]), (F, [5]), (D, [3])], 9: [(D, [3]), (F, [5]), (B, [1]), (G, [2, 6, 7, 8, 9, 10, 11, 12, 13, 14]), (A, [0]), (E, [4])], 10: [(D, [3]), (F, [5]), (B, [1]), (E, [4]), (A, [0]), (G, [2, 6, 7, 8, 9, 10, 11, 12, 13, 14])], 11: [(D, [3]), (B, [1]), (G, [2, 6, 7, 8, 9, 10, 11, 12, 13, 14]), (A, [0]), (F, [5]), (E, [4])]}"
5,13,0.22585688378018837,42,0.1286112106398512,0.43430184697057717,0.4612770764919901,1,0.1,0.13590518324848203,7,"{0: [], 1: [(E, 5), (E, 6), (E, 8), (E, 9), (E, 10), (E, 11), (E, 12), (D, 3)], 2: [(D, 3)], 3: [(D, 3)], 4: [(D, 3), (D, 7)], 5: [(D, 3), (D, 7)], 6: [(D, 3), (D, 7)], 7: [(D, 4)], 8: [(D, 4)], 9: [(D, 7), (E, 5)], 10: [(E, 5)], 11: [(E, 5)]}","{0: [], 1: [(B, E), (C, E), (E, D), (D, E), (A, D)], 2: [(A, D), (B, E), (E, D), (D, E), (C, E)], 3: [(D, E), (A, D), (E, D), (B, E), (C, E)], 4: [(E, D), (A, D), (C, E), (B, E), (D, E)], 5: [(D, E), (B, E), (A, D), (E, D), (C, E)], 6: [(E, D), (A, D), (C, E), (B, E), (D, E)], 7: [(D, B), (A, D), (E, C)], 8: [(A, D), (E, D), (D, A)], 9: [(D, E), (E, D)], 10: [(E, D), (D, E)], 11: [(E, D), (D, E)]}","{1: [(A, [0]), (B, [1]), (C, [2]), (D, [3]), (E, [4, 5, 6, 7, 8, 9, 10, 11, 12])], 2: [(B, [1]), (C, [2]), (E, [4, 5, 6, 7, 8, 9, 10, 11, 12]), (D, [3]), (A, [0])], 3: [(A, [0]), (B, [1]), (E, [4, 5, 6, 7, 8, 9, 10, 11, 12]), (D, [3]), (C, [2])], 4: [(D, [3, 7]), (A, [0]), (E, [4, 5, 6, 8, 9, 10, 11, 12]), (B, [1]), (C, [2])], 5: [(E, [4, 5, 6, 8, 9, 10, 11, 12]), (A, [0]), (C, [2]), (B, [1]), (D, [3, 7])], 6: [(D, [3, 7]), (B, [1]), (A, [0]), (E, [4, 5, 6, 8, 9, 10, 11, 12]), (C, [2])], 7: [(E, [5, 6, 8, 9, 10, 11, 12]), (A, [0]), (C, [2]), (B, [1]), (D, [3, 4, 7])], 8: [(D, [1, 3, 4, 7]), (A, [0]), (E, [2, 5, 6, 8, 9, 10, 11, 12])], 9: [(E, [2, 5, 6, 8, 9, 10, 11, 12]), (D, [0, 1, 3, 4, 7])], 10: [(D, [0, 3, 4, 7]), (E, [1, 2, 5, 6, 8, 9, 10, 11, 12])], 11: [(E, [1, 2, 5, 6, 8, 9, 10, 11, 12]), (D, [0, 3, 4, 7])]}"
4,8,0.7445290316277273,41,0.09705325173329894,0.3444578086247426,0.23441597495361724,1,0.1,0.19799594837425694,13,"{0: [], 1: [(D, 3), (D, 4), (D, 5), (D, 6), (D, 7), (A, 0)], 2: [(D, 5)], 3: [], 4: []}","{0: [], 1: [(C, D), (B, D), (D, C)], 2: [(B, D), (D, A)], 3: [(D, B)], 4: []}","{1: [(A, [0]), (B, [1]), (C, [2]), (D, [3, 4, 5, 6, 7])], 2: [(B, [1]), (D, [2, 3, 4, 5, 6, 7]), (A, [0])], 3: [(B, [1]), (D, [0, 2, 3, 4, 5, 6, 7])], 4: [(D, [0, 1, 2, 3, 4, 5, 6, 7])]}"
17,18,0.2959061678701543,48,0.23997139084073682,0.25497989543985594,0.2291362042797645,2,0.1,0.003128311940460771,11,"{0: [], 1: [(P, 15), (O, 14), (I, 8), (Q, 16), (Q, 17), (M, 12)], 2: [(O, 14), (I, 8), (P, 15), (M, 12), (Q, 16), (Q, 17)], 3: [(P, 15), (I, 8), (O, 14)], 4: [(I, 8), (O, 14)], 5: [(I, 8), (O, 14), (P, 15)], 6: [(P, 15), (I, 8)], 7: [(I, 8)], 8: [(I, 8)], 9: [(I, 8)], 10: [(I, 8), (O, 14)], 11: [(I, 8)]}","{0: [], 1: [(P, N), (J, Q), (C, O), (N, Q), (Q, N), (H, Q), (A, Q), (M, L), (K, Q), (F, O), (G, Q), (B, Q), (D, I), (E, Q), (L, P)], 2: [(L, P), (G, Q), (B, Q), (C, O), (E, Q), (F, O), (A, Q), (J, Q), (H, Q), (K, Q), (D, I), (I, O), (P, Q), (M, L), (Q, P)], 3: [(B, Q), (F, O), (H, Q), (E, Q), (C, O), (G, Q), (J, Q), (Q, P), (K, Q), (P, Q), (M, P), (A, Q), (I, O), (D, I)], 4: [(D, I), (B, Q), (E, Q), (H, Q), (M, P), (G, Q), (C, O), (A, Q), (I, O), (O, I), (J, Q), (K, Q), (P, Q), (F, O), (Q, P)], 5: [(K, Q), (F, O), (J, Q), (D, I), (E, Q), (H, Q), (G, Q), (M, P), (Q, P), (B, Q), (I, O), (C, O), (O, I), (P, Q), (A, Q)], 6: [(A, Q), (F, O), (M, P), (D, I), (Q, P), (O, I), (K, Q), (J, Q), (G, Q), (P, Q), (C, O), (B, Q), (I, O), (E, Q), (H, Q)], 7: [(P, Q), (C, O), (J, Q), (Q, P), (G, Q), (D, I), (F, O), (I, O), (M, P), (A, Q), (B, Q), (E, Q), (K, Q), (H, Q)], 8: [(J, Q), (K, Q), (M, P), (C, O), (F, O), (E, Q), (P, Q), (Q, P), (G, Q), (H, Q), (D, I), (A, Q), (B, Q)], 9: [(C, O), (H, Q), (K, Q), (J, Q), (E, Q), (A, Q), (D, I), (Q, P), (O, I), (F, O), (M, P), (I, O), (G, Q), (B, Q)], 10: [(G, Q), (F, O), (Q, P), (E, Q), (M, P), (A, Q), (I, O), (H, Q), (B, Q), (D, I), (C, O), (K, Q), (J, Q)], 11: [(B, Q), (M, P), (D, I), (C, O), (E, Q), (F, O), (H, Q), (A, Q), (J, Q), (Q, P), (O, I), (G, Q), (K, Q), (I, O)]}","{1: [(A, [0]), (B, [1]), (C, [2]), (D, [3]), (E, [4]), (F, [5]), (G, [6]), (H, [7]), (I, [8]), (J, [9]), (K, [10]), (L, [11]), (M, [12]), (N, [13]), (O, [14]), (P, [15]), (Q, [16, 17])], 2: [(P, [13, 15]), (O, [14]), (J, [9]), (C, [2]), (I, [8]), (Q, [16, 17]), (H, [7]), (A, [0]), (M, [12]), (K, [10]), (F, [5]), (G, [6]), (B, [1]), (D, [3]), (E, [4]), (L, [11])], 3: [(G, [6]), (B, [1]), (C, [2]), (O, [14]), (E, [4]), (F, [5]), (A, [0]), (J, [9]), (H, [7]), (K, [10]), (D, [3]), (I, [8]), (P, [11, 13, 15]), (M, [12]), (Q, [16, 17])], 4: [(B, [1]), (F, [5]), (H, [7]), (E, [4]), (C, [2]), (G, [6]), (J, [9]), (Q, [16, 17]), (K, [10]), (P, [13, 15]), (M, [11, 12]), (A, [0]), (I, [8]), (O, [14]), (D, [3])], 5: [(D, [3]), (B, [1]), (E, [4]), (H, [7]), (M, [11, 12]), (G, [6]), (C, [2]), (A, [0]), (I, [8]), (O, [14]), (J, [9]), (K, [10]), (P, [13, 15]), (F, [5]), (Q, [16, 17])], 6: [(K, [10]), (F, [5]), (J, [9]), (D, [3]), (E, [4]), (H, [7]), (G, [6]), (M, [11, 12]), (Q, [16, 17]), (B, [1]), (I, [8]), (C, [2]), (O, [14]), (P, [13, 15]), (A, [0])], 7: [(A, [0]), (F, [5]), (M, [11, 12]), (D, [3]), (Q, [16, 17]), (O, [14]), (K, [10]), (J, [9]), (G, [6]), (P, [13, 15]), (C, [2]), (B, [1]), (I, [8]), (E, [4]), (H, [7])], 8: [(O, [14]), (P, [13, 15]), (C, [2]), (J, [9]), (Q, [16, 17]), (G, [6]), (D, [3]), (F, [5]), (I, [8]), (M, [11, 12]), (A, [0]), (B, [1]), (E, [4]), (K, [10]), (H, [7])], 9: [(J, [9]), (K, [10]), (I, [8]), (M, [11, 12]), (C, [2]), (F, [5]), (E, [4]), (O, [14]), (P, [15]), (Q, [13, 16, 17]), (G, [6]), (H, [7]), (D, [3]), (A, [0]), (B, [1])], 10: [(C, [2]), (H, [7]), (K, [10]), (J, [9]), (E, [4]), (A, [0]), (D, [3]), (Q, [13, 16, 17]), (P, [15]), (O, [14]), (F, [5]), (M, [11, 12]), (I, [8]), (G, [6]), (B, [1])], 11: [(G, [6]), (F, [5]), (Q, [13, 16, 17]), (E, [4]), (M, [11, 12]), (A, [0]), (I, [8]), (O, [14]), (H, [7]), (B, [1]), (P, [15]), (D, [3]), (C, [2]), (K, [10]), (J, [9])]}"
10,18,0.5733318739556319,50,0.1121439968769835,0.2773974750757817,0.46684349629556576,1,0.1,0.052140566988116935,14,"{0: [], 1: [(A, 0), (J, 9), (J, 10), (J, 11), (J, 12), (J, 13), (J, 14), (J, 15), (J, 16), (J, 17), (G, 6), (H, 7)], 2: [(E, 4), (F, 5), (H, 7), (A, 0), (D, 3)], 3: [(A, 0), (B, 1), (H, 7), (D, 3)], 4: [(B, 1)], 5: [(C, 2)], 6: [(B, 1), (J, 17)], 7: [(B, 1), (C, 2), (H, 7)], 8: [(B, 1), (C, 2)], 9: [], 10: [(C, 2), (B, 1)], 11: [(C, 2), (J, 16)]}","{0: [], 1: [(E, J), (B, J), (F, J), (C, J), (I, J), (J, I), (D, J)], 2: [(C, J), (B, J), (J, G)], 3: [(J, F), (C, J)], 4: [], 5: [], 6: [(C, J)], 7: [], 8: [], 9: [], 10: [], 11: [(J, H)]}","{1: [(A, [0]), (B, [1]), (C, [2]), (D, [3]), (E, [4]), (F, [5]), (G, [6]), (H, [7]), (I, [8]), (J, [9, 10, 11, 12, 13, 14, 15, 16, 17])], 2: [(E, [4]), (B, [1]), (A, [0]), (F, [5]), (C, [2]), (J, [8, 9, 10, 11, 12, 13, 14, 15, 16, 17]), (D, [3]), (G, [6]), (H, [7])], 3: [(E, [4]), (C, [2]), (F, [5]), (B, [1]), (J, [6, 8, 9, 10, 11, 12, 13, 14, 15, 16, 17]), (H, [7]), (A, [0]), (D, [3])], 4: [(E, [4]), (A, [0]), (B, [1]), (J, [5, 6, 8, 9, 10, 11, 12, 13, 14, 15, 16, 17]), (C, [2]), (H, [7]), (D, [3])], 5: [(D, [3]), (A, [0]), (E, [4]), (J, [5, 6, 8, 9, 10, 11, 12, 13, 14, 15, 16, 17]), (H, [7]), (B, [1]), (C, [2])], 6: [(H, [7]), (D, [3]), (J, [5, 6, 8, 9, 10, 11, 12, 13, 14, 15, 16, 17]), (C, [2]), (B, [1]), (A, [0]), (E, [4])], 7: [(B, [1]), (E, [4]), (A, [0]), (H, [7]), (D, [3]), (C, [2]), (J, [5, 6, 8, 9, 10, 11, 12, 13, 14, 15, 16, 17])], 8: [(E, [4]), (A, [0]), (D, [3]), (J, [5, 6, 8, 9, 10, 11, 12, 13, 14, 15, 16, 17]), (B, [1]), (C, [2]), (H, [7])], 9: [(A, [0]), (H, [7]), (B, [1]), (D, [3]), (C, [2]), (E, [4]), (J, [5, 6, 8, 9, 10, 11, 12, 13, 14, 15, 16, 17])], 10: [(E, [4]), (A, [0]), (J, [5, 6, 8, 9, 10, 11, 12, 13, 14, 15, 16, 17]), (H, [7]), (C, [2]), (D, [3]), (B, [1])], 11: [(E, [4]), (H, [7]), (C, [2]), (A, [0]), (D, [3]), (B, [1]), (J, [5, 6, 8, 9, 10, 11, 12, 13, 14, 15, 16, 17])]}"
15,16,0.5804570082340947,57,0.10992153580944013,0.3882856264224278,0.43866553798792085,2,0.1,0.05957234426110869,8,"{0: [], 1: [(H, 7), (O, 14), (O, 15), (M, 12), (J, 9), (N, 13)], 2: [(K, 10), (J, 9), (M, 12)], 3: [(M, 12), (J, 9)], 4: [(M, 12), (J, 9)], 5: [(N, 13), (J, 9), (M, 12)], 6: [(K, 10), (M, 12)], 7: [(M, 12)], 8: [(M, 12)], 9: [(M, 12)], 10: [(M, 12)], 11: [(M, 12)]}","{0: [], 1: [(B, O), (A, O), (E, O), (M, O), (F, O), (G, O), (D, M), (J, I), (N, O), (K, O), (I, N), (L, N), (C, O)], 2: [(L, N), (C, O), (N, O), (J, N), (O, N), (A, O), (B, O), (H, O), (E, O), (D, M), (F, O), (G, O), (M, O)], 3: [(A, O), (K, O), (H, O), (F, O), (D, M), (C, O), (M, O), (L, N), (J, N), (G, O), (E, O), (B, O)], 4: [(D, M), (M, O), (B, O), (J, N), (L, N), (F, O), (C, O), (N, O), (H, O), (E, O), (A, O), (K, O)], 5: [(D, M), (A, O), (C, O), (F, O), (N, O), (G, O), (L, N), (E, O), (J, N), (K, O), (M, O), (B, O), (H, O)], 6: [(C, O), (D, M), (L, N), (B, O), (E, O), (O, N), (F, O), (A, O), (H, O), (M, O), (N, O), (J, N)], 7: [(A, O), (C, O), (N, O), (K, O), (H, O), (B, O), (M, O), (D, M), (E, O), (F, O), (L, N), (G, O), (O, N), (J, N)], 8: [(B, O), (F, O), (A, O), (J, N), (L, N), (O, N), (D, M), (G, O), (C, O), (E, O), (N, O), (H, O), (M, O)], 9: [(O, N), (J, N), (D, M), (M, O), (N, O), (H, O), (F, O), (A, O), (E, O), (L, N), (C, O), (B, O)], 10: [(B, O), (D, M), (G, O), (N, O), (C, O), (A, O), (E, O), (J, N), (H, O), (L, N), (O, N), (M, O), (F, O), (K, O)], 11: [(L, N), (J, N), (F, O), (B, O), (D, M), (M, O), (C, O), (O, N), (A, O), (H, O), (E, O), (K, O)]}","{1: [(A, [0]), (B, [1]), (C, [2]), (D, [3]), (E, [4]), (F, [5]), (G, [6]), (H, [7]), (I, [8]), (J, [9]), (K, [10]), (L, [11]), (M, [12]), (N, [13]), (O, [14, 15])], 2: [(B, [1]), (H, [7]), (A, [0]), (E, [4]), (O, [14, 15]), (M, [12]), (F, [5]), (G, [6]), (D, [3]), (J, [8, 9]), (N, [13]), (K, [10]), (L, [11]), (C, [2])], 3: [(K, [10]), (L, [11]), (C, [2]), (N, [13]), (J, [8, 9]), (O, [14, 15]), (A, [0]), (B, [1]), (H, [7]), (E, [4]), (D, [3]), (F, [5]), (G, [6]), (M, [12])], 4: [(N, [13]), (O, [14, 15]), (A, [0]), (K, [10]), (H, [7]), (F, [5]), (D, [3]), (C, [2]), (M, [12]), (L, [11]), (J, [8, 9]), (G, [6]), (E, [4]), (B, [1])], 5: [(O, [14, 15]), (D, [3]), (M, [12]), (B, [1]), (J, [8, 9]), (L, [11]), (F, [5]), (C, [2]), (N, [13]), (G, [6]), (H, [7]), (E, [4]), (A, [0]), (K, [10])], 6: [(D, [3]), (A, [0]), (O, [14, 15]), (C, [2]), (F, [5]), (N, [13]), (G, [6]), (L, [11]), (E, [4]), (J, [8, 9]), (K, [10]), (M, [12]), (B, [1]), (H, [7])], 7: [(G, [6]), (K, [10]), (C, [2]), (D, [3]), (L, [11]), (B, [1]), (E, [4]), (O, [14, 15]), (F, [5]), (A, [0]), (H, [7]), (M, [12]), (N, [13]), (J, [8, 9])], 8: [(A, [0]), (C, [2]), (N, [13]), (K, [10]), (H, [7]), (B, [1]), (M, [12]), (D, [3]), (E, [4]), (F, [5]), (L, [11]), (G, [6]), (O, [14, 15]), (J, [8, 9])], 9: [(K, [10]), (B, [1]), (F, [5]), (A, [0]), (J, [8, 9]), (L, [11]), (O, [14, 15]), (D, [3]), (G, [6]), (C, [2]), (E, [4]), (N, [13]), (H, [7]), (M, [12])], 10: [(O, [14, 15]), (J, [8, 9]), (D, [3]), (K, [10]), (M, [12]), (N, [13]), (H, [7]), (F, [5]), (G, [6]), (A, [0]), (E, [4]), (L, [11]), (C, [2]), (B, [1])], 11: [(B, [1]), (D, [3]), (G, [6]), (N, [13]), (C, [2]), (A, [0]), (E, [4]), (J, [8, 9]), (H, [7]), (L, [11]), (O, [14, 15]), (M, [12]), (F, [5]), (K, [10])]}"
10,11,0.4682214577928031,41,0.10947994511594673,0.12214734532487995,0.30433811851055276,3,0.1,0.07454349521814556,8,"{0: [], 1: [(J, 9), (J, 10), (I, 8)], 2: [(I, 8)], 3: [(I, 8)], 4: [(I, 8)], 5: [], 6: [(I, 8)], 7: [(I, 8)], 8: [], 9: [], 10: [], 11: []}","{0: [], 1: [(E, J), (H, J), (B, I), (D, J), (G, J), (A, J), (F, I), (J, I), (I, J), (C, J)], 2: [(J, I), (E, J), (D, J), (B, I), (F, I), (I, J), (C, J), (H, J), (A, J), (G, J)], 3: [(B, I), (I, J), (A, J), (F, I), (E, J), (D, J), (H, J), (C, J), (J, I), (G, J)], 4: [(B, I), (G, J), (C, J), (E, J), (D, J), (I, J), (H, J), (F, I), (J, I), (A, J)], 5: [(D, J), (A, J), (I, J), (E, J), (C, J), (B, I), (G, J), (H, J), (F, I), (J, I)], 6: [(C, J), (D, J), (I, J), (B, I), (H, J), (A, J), (G, J), (J, I), (F, I), (E, J)], 7: [(B, I), (E, J), (C, J), (D, J), (G, J), (I, J), (H, J), (F, I), (J, I), (A, J)], 8: [(B, I), (H, J), (E, J), (J, I), (F, I), (I, J), (A, J), (G, J), (C, J), (D, J)], 9: [(G, J), (C, J), (I, J), (J, I), (B, I), (E, J), (A, J), (F, I), (D, J), (H, J)], 10: [(I, J), (J, I), (C, J), (E, J), (B, I), (A, J), (F, I), (H, J), (G, J), (D, J)], 11: [(C, J), (B, I), (H, J), (J, I), (F, I), (A, J), (I, J), (E, J), (D, J), (G, J)]}","{1: [(A, [0]), (B, [1]), (C, [2]), (D, [3]), (E, [4]), (F, [5]), (G, [6]), (H, [7]), (I, [8]), (J, [9, 10])], 2: [(E, [4]), (H, [7]), (B, [1]), (D, [3]), (G, [6]), (A, [0]), (F, [5]), (J, [9, 10]), (I, [8]), (C, [2])], 3: [(J, [9, 10]), (E, [4]), (D, [3]), (B, [1]), (F, [5]), (I, [8]), (C, [2]), (H, [7]), (A, [0]), (G, [6])], 4: [(B, [1]), (I, [8]), (A, [0]), (F, [5]), (E, [4]), (D, [3]), (H, [7]), (C, [2]), (J, [9, 10]), (G, [6])], 5: [(B, [1]), (G, [6]), (C, [2]), (E, [4]), (D, [3]), (I, [8]), (H, [7]), (F, [5]), (J, [9, 10]), (A, [0])], 6: [(D, [3]), (A, [0]), (I, [8]), (E, [4]), (C, [2]), (B, [1]), (G, [6]), (H, [7]), (F, [5]), (J, [9, 10])], 7: [(C, [2]), (D, [3]), (I, [8]), (B, [1]), (H, [7]), (A, [0]), (G, [6]), (J, [9, 10]), (F, [5]), (E, [4])], 8: [(B, [1]), (E, [4]), (C, [2]), (D, [3]), (G, [6]), (I, [8]), (H, [7]), (F, [5]), (J, [9, 10]), (A, [0])], 9: [(B, [1]), (H, [7]), (E, [4]), (J, [9, 10]), (F, [5]), (I, [8]), (A, [0]), (G, [6]), (C, [2]), (D, [3])], 10: [(G, [6]), (C, [2]), (I, [8]), (J, [9, 10]), (B, [1]), (E, [4]), (A, [0]), (F, [5]), (D, [3]), (H, [7])], 11: [(I, [8]), (J, [9, 10]), (C, [2]), (E, [4]), (B, [1]), (A, [0]), (F, [5]), (H, [7]), (G, [6]), (D, [3])]}"
6,16,0.7455934611710704,62,0.18482139599406855,0.3656130451820949,0.512842879125129,2,0.1,0.08800837210569368,8,"{0: [], 1: [(D, 3), (C, 2), (F, 5), (F, 6), (F, 7), (F, 8), (F, 9), (F, 10), (F, 11), (F, 12), (F, 13), (F, 14), (F, 15)], 2: [], 3: [(F, 7)], 4: [], 5: [], 6: []}","{0: [], 1: [(A, F), (E, F), (B, F), (F, E)], 2: [(B, F), (F, D), (A, F)], 3: [(F, C), (A, F), (B, F)], 4: [(B, F), (F, B), (A, F)], 5: [(F, A), (A, F)], 6: []}","{1: [(A, [0]), (B, [1]), (C, [2]), (D, [3]), (E, [4]), (F, [5, 6, 7, 8, 9, 10, 11, 12, 13, 14, 15])], 2: [(A, [0]), (D, [3]), (B, [1]), (C, [2]), (F, [4, 5, 6, 7, 8, 9, 10, 11, 12, 13, 14, 15])], 3: [(B, [1]), (F, [3, 4, 5, 6, 7, 8, 9, 10, 11, 12, 13, 14, 15]), (C, [2]), (A, [0])], 4: [(F, [2, 3, 4, 5, 6, 7, 8, 9, 10, 11, 12, 13, 14, 15]), (A, [0]), (B, [1])], 5: [(F, [1, 2, 3, 4, 5, 6, 7, 8, 9, 10, 11, 12, 13, 14, 15]), (A, [0])], 6: [(F, [0, 1, 2, 3, 4, 5, 6, 7, 8, 9, 10, 11, 12, 13, 14, 15])]}"
8,12,0.43975049484637674,40,0.05893264841948649,0.4132754275744369,0.2729400181860492,1,0.1,0.133803572927947,12,"{0: [], 1: [(F, 5), (A, 0), (H, 7), (H, 8), (H, 9), (H, 10), (H, 11)], 2: [(A, 0), (H, 6), (H, 7), (H, 8), (H, 9), (H, 10), (H, 11), (F, 5)], 3: [(A, 0), (F, 5)], 4: [(F, 5), (A, 0)], 5: [(F, 5), (A, 0), (H, 11)], 6: [(C, 2)], 7: [(C, 2)], 8: [(C, 2)], 9: [], 10: []}","{0: [], 1: [(B, H), (C, H), (H, G), (E, H), (D, H), (G, H)], 2: [(H, E), (B, H), (E, H), (D, H), (C, H)], 3: [(C, H), (B, H), (D, H), (H, D)], 4: [(H, B), (C, H), (B, H)], 5: [(C, H)], 6: [(H, F)], 7: [(H, A)], 8: [(H, A)], 9: [(H, C)], 10: []}","{1: [(A, [0]), (B, [1]), (C, [2]), (D, [3]), (E, [4]), (F, [5]), (G, [6]), (H, [7, 8, 9, 10, 11])], 2: [(B, [1]), (C, [2]), (F, [5]), (A, [0]), (H, [6, 7, 8, 9, 10, 11]), (E, [4]), (D, [3])], 3: [(A, [0]), (H, [4, 6, 7, 8, 9, 10, 11]), (B, [1]), (D, [3]), (F, [5]), (C, [2])], 4: [(C, [2]), (B, [1]), (A, [0]), (F, [5]), (H, [3, 4, 6, 7, 8, 9, 10, 11])], 5: [(H, [1, 3, 4, 6, 7, 8, 9, 10, 11]), (F, [5]), (C, [2]), (A, [0])], 6: [(C, [2]), (F, [5]), (A, [0]), (H, [1, 3, 4, 6, 7, 8, 9, 10, 11])], 7: [(C, [2]), (H, [1, 3, 4, 5, 6, 7, 8, 9, 10, 11]), (A, [0])], 8: [(H, [1, 3, 4, 5, 6, 7, 8, 9, 10, 11]), (A, [0]), (C, [2])], 9: [(C, [2]), (H, [0, 1, 3, 4, 5, 6, 7, 8, 9, 10, 11])], 10: [(H, [0, 1, 2, 3, 4, 5, 6, 7, 8, 9, 10, 11])]}"
6,10,0.6804650555536539,48,0.13863955774404563,0.37555437531769387,0.5947298660702386,1,0.1,0.13252639138315347,8,"{0: [], 1: [(F, 5), (F, 6), (F, 7), (F, 8), (F, 9), (C, 2)], 2: [(C, 2), (F, 4), (F, 5), (F, 6), (F, 7), (F, 8), (F, 9)], 3: [(F, 7)], 4: [], 5: [], 6: []}","{0: [], 1: [(F, E), (B, F), (E, F), (D, F), (A, F)], 2: [(D, F), (B, F), (A, F), (F, D)], 3: [(F, C), (B, F), (A, F)], 4: [(F, B), (A, F), (B, F)], 5: [(F, A), (A, F)], 6: []}","{1: [(A, [0]), (B, [1]), (C, [2]), (D, [3]), (E, [4]), (F, [5, 6, 7, 8, 9])], 2: [(F, [4, 5, 6, 7, 8, 9]), (B, [1]), (C, [2]), (D, [3]), (A, [0])], 3: [(B, [1]), (A, [0]), (C, [2]), (F, [3, 4, 5, 6, 7, 8, 9])], 4: [(F, [2, 3, 4, 5, 6, 7, 8, 9]), (B, [1]), (A, [0])], 5: [(F, [1, 2, 3, 4, 5, 6, 7, 8, 9]), (A, [0])], 6: [(F, [0, 1, 2, 3, 4, 5, 6, 7, 8, 9])]}"
9,16,0.28178230890236267,43,0.17864938652430762,0.37180517320878603,0.23689254154167155,1,0.1,0.09870940244961127,16,"{0: [], 1: [(H, 7), (F, 5), (D, 3), (I, 8), (I, 9), (I, 10), (I, 11), (I, 12), (I, 13), (I, 14), (I, 15), (E, 4)], 2: [(H, 7), (D, 3), (E, 4), (C, 2), (A, 0), (G, 6)], 3: [(I, 5), (I, 11), (C, 2), (A, 0), (G, 6), (D, 3), (H, 7), (E, 4)], 4: [(A, 0), (G, 6), (I, 15), (C, 2)], 5: [(A, 0), (D, 3), (G, 6)], 6: [(A, 0), (G, 6), (D, 3), (C, 2)], 7: [(G, 6), (D, 3)], 8: [(G, 6)], 9: [(E, 4), (G, 6)], 10: [(G, 6)], 11: [(G, 6), (A, 0)]}","{0: [], 1: [(B, I), (C, F), (G, I), (A, I), (F, I), (I, F)], 2: [(B, I), (F, I), (I, F)], 3: [(I, B), (B, I)], 4: [(I, G), (D, I)], 5: [(I, G), (G, I)], 6: [(I, G)], 7: [(I, G)], 8: [(I, G)], 9: [(I, G)], 10: [(I, G)], 11: [(I, G)]}","{1: [(A, [0]), (B, [1]), (C, [2]), (D, [3]), (E, [4]), (F, [5]), (G, [6]), (H, [7]), (I, [8, 9, 10, 11, 12, 13, 14, 15])], 2: [(B, [1]), (C, [2]), (H, [7]), (G, [6]), (A, [0]), (F, [5]), (D, [3]), (I, [8, 9, 10, 11, 12, 13, 14, 15]), (E, [4])], 3: [(H, [7]), (B, [1]), (D, [3]), (I, [5, 8, 9, 10, 11, 12, 13, 14, 15]), (E, [4]), (C, [2]), (A, [0]), (G, [6])], 4: [(I, [1, 5, 8, 9, 10, 11, 12, 13, 14, 15]), (C, [2]), (A, [0]), (G, [6]), (D, [3]), (H, [7]), (E, [4])], 5: [(H, [7]), (A, [0]), (G, [6]), (I, [1, 5, 8, 9, 10, 11, 12, 13, 14, 15]), (E, [4]), (D, [3]), (C, [2])], 6: [(H, [7]), (I, [1, 5, 8, 9, 10, 11, 12, 13, 14, 15]), (E, [4]), (A, [0]), (D, [3]), (G, [6]), (C, [2])], 7: [(E, [4]), (A, [0]), (G, [6]), (H, [7]), (I, [1, 5, 8, 9, 10, 11, 12, 13, 14, 15]), (D, [3]), (C, [2])], 8: [(I, [1, 5, 8, 9, 10, 11, 12, 13, 14, 15]), (A, [0]), (G, [6]), (C, [2]), (D, [3]), (E, [4]), (H, [7])], 9: [(I, [1, 5, 8, 9, 10, 11, 12, 13, 14, 15]), (D, [3]), (C, [2]), (G, [6]), (H, [7]), (A, [0]), (E, [4])], 10: [(H, [7]), (I, [1, 5, 8, 9, 10, 11, 12, 13, 14, 15]), (C, [2]), (D, [3]), (A, [0]), (E, [4]), (G, [6])], 11: [(A, [0]), (I, [1, 5, 8, 9, 10, 11, 12, 13, 14, 15]), (E, [4]), (G, [6]), (D, [3]), (H, [7]), (C, [2])]}"
11,19,0.5333747896991778,41,0.13031648677198665,0.3013283158190879,0.17828907731958343,1,0.1,0.06273493068841152,17,"{0: [], 1: [(B, 1), (K, 10), (K, 11), (K, 12), (K, 13), (K, 14), (K, 15), (K, 16), (K, 17), (K, 18), (G, 6), (D, 3), (C, 2), (E, 4)], 2: [(K, 18), (D, 3), (C, 2), (E, 4), (I, 8), (B, 1), (A, 0)], 3: [(A, 0), (D, 3), (K, 17), (C, 2), (B, 1)], 4: [(A, 0)], 5: [(A, 0)], 6: [], 7: [], 8: [(A, 0)], 9: [], 10: [], 11: []}","{0: [], 1: [(A, K), (K, J), (F, K), (I, K), (J, K), (H, K)], 2: [(K, G), (H, K), (F, K)], 3: [(K, E), (F, K)], 4: [(K, H)], 5: [(K, F)], 6: [(K, D)], 7: [(K, I)], 8: [(K, C)], 9: [(K, A)], 10: [(K, B)], 11: []}","{1: [(A, [0]), (B, [1]), (C, [2]), (D, [3]), (E, [4]), (F, [5]), (G, [6]), (H, [7]), (I, [8]), (J, [9]), (K, [10, 11, 12, 13, 14, 15, 16, 17, 18])], 2: [(A, [0]), (B, [1]), (K, [9, 10, 11, 12, 13, 14, 15, 16, 17, 18]), (G, [6]), (D, [3]), (F, [5]), (C, [2]), (I, [8]), (H, [7]), (E, [4])], 3: [(K, [6, 9, 10, 11, 12, 13, 14, 15, 16, 17, 18]), (D, [3]), (C, [2]), (E, [4]), (I, [8]), (H, [7]), (F, [5]), (B, [1]), (A, [0])], 4: [(I, [8]), (A, [0]), (D, [3]), (K, [4, 6, 9, 10, 11, 12, 13, 14, 15, 16, 17, 18]), (H, [7]), (C, [2]), (F, [5]), (B, [1])], 5: [(D, [3]), (C, [2]), (B, [1]), (F, [5]), (I, [8]), (K, [4, 6, 7, 9, 10, 11, 12, 13, 14, 15, 16, 17, 18]), (A, [0])], 6: [(C, [2]), (B, [1]), (I, [8]), (D, [3]), (A, [0]), (K, [4, 5, 6, 7, 9, 10, 11, 12, 13, 14, 15, 16, 17, 18])], 7: [(C, [2]), (K, [3, 4, 5, 6, 7, 9, 10, 11, 12, 13, 14, 15, 16, 17, 18]), (A, [0]), (B, [1]), (I, [8])], 8: [(K, [3, 4, 5, 6, 7, 8, 9, 10, 11, 12, 13, 14, 15, 16, 17, 18]), (C, [2]), (B, [1]), (A, [0])], 9: [(B, [1]), (A, [0]), (K, [2, 3, 4, 5, 6, 7, 8, 9, 10, 11, 12, 13, 14, 15, 16, 17, 18])], 10: [(K, [0, 2, 3, 4, 5, 6, 7, 8, 9, 10, 11, 12, 13, 14, 15, 16, 17, 18]), (B, [1])], 11: [(K, [0, 1, 2, 3, 4, 5, 6, 7, 8, 9, 10, 11, 12, 13, 14, 15, 16, 17, 18])]}"
6,12,0.21317397576307548,43,0.22084290928700068,0.44642362386131507,0.11515826715767133,2,0.1,0.01077244066217844,19,"{0: [], 1: [(C, 2), (F, 5), (F, 6), (F, 7), (F, 8), (F, 9), (F, 10), (F, 11)], 2: [(F, 8)], 3: [(F, 8)], 4: [(E, 4)], 5: [], 6: [(C, 2)], 7: [], 8: [], 9: [], 10: [], 11: [(C, 2)]}","{0: [], 1: [(F, B), (A, F), (D, F), (E, F)], 2: [(D, F), (A, F), (C, F), (F, B), (E, F)], 3: [(D, F), (A, F), (C, F), (E, F)], 4: [(F, D), (A, F), (D, F), (C, F)], 5: [(A, F), (F, E), (C, F)], 6: [(A, F), (F, C), (C, F)], 7: [(C, F), (A, F)], 8: [(C, F), (A, F)], 9: [(C, F), (A, F)], 10: [(A, F), (C, F)], 11: [(A, F), (F, C), (C, F)]}","{1: [(A, [0]), (B, [1]), (C, [2]), (D, [3]), (E, [4]), (F, [5, 6, 7, 8, 9, 10, 11])], 2: [(C, [2]), (B, [1]), (F, [5, 6, 7, 8, 9, 10, 11]), (A, [0]), (D, [3]), (E, [4])], 3: [(D, [3]), (A, [0]), (C, [2]), (F, [1, 5, 6, 7, 8, 9, 10, 11]), (E, [4])], 4: [(D, [3]), (A, [0]), (C, [2]), (E, [4]), (F, [1, 5, 6, 7, 8, 9, 10, 11])], 5: [(F, [1, 3, 5, 6, 7, 8, 9, 10, 11]), (A, [0]), (E, [4]), (C, [2])], 6: [(A, [0]), (F, [1, 3, 4, 5, 6, 7, 8, 9, 10, 11]), (C, [2])], 7: [(A, [0]), (F, [1, 3, 4, 5, 6, 7, 8, 9, 10, 11]), (C, [2])], 8: [(C, [2]), (F, [1, 3, 4, 5, 6, 7, 8, 9, 10, 11]), (A, [0])], 9: [(C, [2]), (F, [1, 3, 4, 5, 6, 7, 8, 9, 10, 11]), (A, [0])], 10: [(F, [1, 3, 4, 5, 6, 7, 8, 9, 10, 11]), (C, [2]), (A, [0])], 11: [(F, [1, 3, 4, 5, 6, 7, 8, 9, 10, 11]), (A, [0]), (C, [2])]}"
11,13,0.6235610493433492,50,0.07258025055682209,0.15134762516552414,0.13862091876537042,3,0.1,0.1752404533304056,13,"{0: [], 1: [(J, 9), (K, 11), (K, 12)], 2: [(J, 9), (K, 12), (F, 5), (A, 0)], 3: [(J, 9)], 4: [(J, 9), (F, 5)], 5: [(K, 12), (J, 9)], 6: [(J, 9)], 7: [(J, 9)], 8: [(J, 9)], 9: [(J, 9)], 10: [(J, 9)], 11: [(J, 9)]}","{0: [], 1: [(G, K), (C, J), (I, K), (D, J), (B, K), (E, K), (J, K), (K, J), (F, K), (H, K), (A, K)], 2: [(D, J), (C, J), (J, K), (K, J), (I, K), (B, K), (E, K), (G, K), (H, K)], 3: [(C, J), (E, K), (A, K), (D, J), (I, K), (K, J), (B, K), (G, K), (H, K), (J, K), (F, K)], 4: [(D, J), (C, J), (A, K), (J, K), (G, K), (H, K), (K, J), (I, K), (B, K), (E, K)], 5: [(A, K), (E, K), (G, K), (K, J), (J, K), (D, J), (F, K), (I, K), (B, K), (H, K), (C, J)], 6: [(H, K), (A, K), (K, J), (I, K), (G, K), (B, K), (J, K), (C, J), (E, K), (D, J)], 7: [(G, K), (A, K), (D, J), (E, K), (K, J), (I, K), (F, K), (C, J), (H, K), (B, K), (J, K)], 8: [(I, K), (H, K), (K, J), (E, K), (A, K), (B, K), (D, J), (G, K), (J, K), (C, J)], 9: [(E, K), (D, J), (J, K), (C, J), (H, K), (B, K), (I, K), (A, K), (G, K), (K, J)], 10: [(E, K), (I, K), (H, K), (F, K), (C, J), (G, K), (J, K), (B, K), (A, K), (K, J), (D, J)], 11: [(K, J), (J, K), (H, K), (A, K), (F, K), (E, K), (C, J), (D, J), (I, K), (B, K), (G, K)]}","{1: [(A, [0]), (B, [1]), (C, [2]), (D, [3]), (E, [4]), (F, [5]), (G, [6]), (H, [7]), (I, [8]), (J, [9]), (K, [10, 11, 12])], 2: [(G, [6]), (C, [2]), (I, [8]), (D, [3]), (B, [1]), (E, [4]), (J, [9]), (K, [10, 11, 12]), (F, [5]), (H, [7]), (A, [0])], 3: [(D, [3]), (C, [2]), (J, [9]), (K, [10, 11, 12]), (I, [8]), (F, [5]), (B, [1]), (A, [0]), (E, [4]), (G, [6]), (H, [7])], 4: [(C, [2]), (E, [4]), (A, [0]), (D, [3]), (I, [8]), (K, [10, 11, 12]), (B, [1]), (G, [6]), (H, [7]), (J, [9]), (F, [5])], 5: [(D, [3]), (C, [2]), (A, [0]), (J, [9]), (F, [5]), (G, [6]), (H, [7]), (K, [10, 11, 12]), (I, [8]), (B, [1]), (E, [4])], 6: [(A, [0]), (E, [4]), (G, [6]), (K, [10, 11, 12]), (J, [9]), (D, [3]), (F, [5]), (I, [8]), (B, [1]), (H, [7]), (C, [2])], 7: [(H, [7]), (A, [0]), (K, [10, 11, 12]), (F, [5]), (I, [8]), (G, [6]), (B, [1]), (J, [9]), (C, [2]), (E, [4]), (D, [3])], 8: [(G, [6]), (A, [0]), (D, [3]), (E, [4]), (K, [10, 11, 12]), (I, [8]), (F, [5]), (C, [2]), (H, [7]), (B, [1]), (J, [9])], 9: [(I, [8]), (H, [7]), (K, [10, 11, 12]), (E, [4]), (A, [0]), (F, [5]), (B, [1]), (D, [3]), (G, [6]), (J, [9]), (C, [2])], 10: [(F, [5]), (E, [4]), (D, [3]), (J, [9]), (C, [2]), (H, [7]), (B, [1]), (I, [8]), (A, [0]), (G, [6]), (K, [10, 11, 12])], 11: [(E, [4]), (I, [8]), (H, [7]), (F, [5]), (C, [2]), (G, [6]), (J, [9]), (B, [1]), (A, [0]), (K, [10, 11, 12]), (D, [3])]}"
10,11,0.4723021604688588,46,0.13817105480684772,0.1356867865497017,0.5895179246631048,2,0.1,0.1989141213379235,13,"{0: [], 1: [(H, 7), (J, 9), (J, 10), (G, 6)], 2: [(G, 6), (C, 2), (J, 8), (J, 9), (J, 10), (D, 3)], 3: [(C, 2), (G, 6)], 4: [(G, 6)], 5: [(G, 6)], 6: [(G, 6)], 7: [(G, 6)], 8: [(G, 6)], 9: [(G, 6)], 10: [], 11: []}","{0: [], 1: [(H, I), (A, J), (D, H), (J, I), (G, F), (F, J), (E, J), (B, J), (C, J), (I, J)], 2: [(G, J), (E, J), (J, H), (B, J), (A, J)], 3: [(J, D), (A, J), (B, J), (G, J), (E, J)], 4: [(B, J), (A, J), (E, J), (J, C), (G, J)], 5: [(G, J), (E, J), (A, J), (B, J), (J, E)], 6: [(B, J), (A, J), (J, A), (G, J)], 7: [(G, J), (J, G), (B, J)], 8: [(B, J), (G, J), (J, G)], 9: [(J, G), (G, J), (B, J)], 10: [(B, J), (G, J), (J, G)], 11: [(J, G), (B, J), (G, J)]}","{1: [(A, [0]), (B, [1]), (C, [2]), (D, [3]), (E, [4]), (F, [5]), (G, [6]), (H, [7]), (I, [8]), (J, [9, 10])], 2: [(H, [7]), (A, [0]), (D, [3]), (J, [5, 8, 9, 10]), (G, [6]), (E, [4]), (B, [1]), (C, [2])], 3: [(G, [6]), (E, [4]), (C, [2]), (J, [5, 7, 8, 9, 10]), (D, [3]), (B, [1]), (A, [0])], 4: [(C, [2]), (J, [3, 5, 7, 8, 9, 10]), (A, [0]), (B, [1]), (G, [6]), (E, [4])], 5: [(B, [1]), (A, [0]), (E, [4]), (J, [2, 3, 5, 7, 8, 9, 10]), (G, [6])], 6: [(G, [6]), (A, [0]), (B, [1]), (J, [2, 3, 4, 5, 7, 8, 9, 10])], 7: [(B, [1]), (J, [0, 2, 3, 4, 5, 7, 8, 9, 10]), (G, [6])], 8: [(G, [6]), (J, [0, 2, 3, 4, 5, 7, 8, 9, 10]), (B, [1])], 9: [(B, [1]), (G, [5, 6]), (J, [0, 2, 3, 4, 7, 8, 9, 10])], 10: [(J, [0, 2, 3, 4, 5, 7, 8, 9, 10]), (G, [6]), (B, [1])], 11: [(B, [1]), (G, [6]), (J, [0, 2, 3, 4, 5, 7, 8, 9, 10])]}"
7,11,0.3545078497300953,40,0.23208416762403428,0.31225437485666174,0.4854241360969864,3,0.1,0.025926643992132715,14,"{0: [], 1: [(F, 5), (G, 6), (G, 7), (G, 8), (G, 9), (G, 10)], 2: [(F, 5), (G, 8)], 3: [(F, 5), (E, 4)], 4: [(E, 4), (F, 5)], 5: [(E, 4), (F, 5)], 6: [(F, 5), (E, 4)], 7: [(E, 4), (F, 5)], 8: [(F, 5)], 9: [(F, 5)], 10: [], 11: [(F, 5)]}","{0: [], 1: [(A, F), (B, G), (C, G), (E, G), (F, G), (G, F), (D, G)], 2: [(F, G), (C, G), (D, G), (E, G), (A, F), (G, F), (B, G)], 3: [(G, F), (B, G), (C, G), (D, G), (A, F)], 4: [(C, G), (A, F), (G, F), (D, G), (B, G)], 5: [(B, G), (D, G), (C, G), (A, F), (G, F)], 6: [(B, G), (C, G), (D, G), (G, F), (A, F)], 7: [(A, F), (B, G), (D, G), (C, G), (G, F)], 8: [(D, G), (C, G), (A, F), (B, G), (G, F)], 9: [(A, F), (D, G), (B, G), (C, G), (G, F)], 10: [(C, G), (A, F), (B, G), (D, G), (G, F)], 11: [(D, G), (C, G), (A, F), (G, F), (B, G)]}","{1: [(A, [0]), (B, [1]), (C, [2]), (D, [3]), (E, [4]), (F, [5]), (G, [6, 7, 8, 9, 10])], 2: [(A, [0]), (B, [1]), (C, [2]), (E, [4]), (F, [5]), (G, [6, 7, 8, 9, 10]), (D, [3])], 3: [(F, [5]), (C, [2]), (D, [3]), (E, [4]), (A, [0]), (G, [6, 7, 8, 9, 10]), (B, [1])], 4: [(F, [5]), (G, [6, 7, 8, 9, 10]), (B, [1]), (E, [4]), (C, [2]), (D, [3]), (A, [0])], 5: [(C, [2]), (E, [4]), (A, [0]), (G, [6, 7, 8, 9, 10]), (D, [3]), (B, [1]), (F, [5])], 6: [(B, [1]), (E, [4]), (D, [3]), (F, [5]), (C, [2]), (A, [0]), (G, [6, 7, 8, 9, 10])], 7: [(B, [1]), (C, [2]), (F, [5]), (D, [3]), (G, [6, 7, 8, 9, 10]), (A, [0]), (E, [4])], 8: [(A, [0]), (B, [1]), (E, [4]), (D, [3]), (F, [5]), (C, [2]), (G, [6, 7, 8, 9, 10])], 9: [(D, [3]), (C, [2]), (A, [0]), (B, [1]), (F, [5]), (E, [4]), (G, [6, 7, 8, 9, 10])], 10: [(A, [0]), (F, [5]), (D, [3]), (E, [4]), (B, [1]), (C, [2]), (G, [6, 7, 8, 9, 10])], 11: [(C, [2]), (E, [4]), (A, [0]), (B, [1]), (F, [5]), (D, [3]), (G, [6, 7, 8, 9, 10])]}"
9,11,0.4270493994764765,37,0.06532385353219956,0.29190295386510107,0.2198420523720908,2,0.1,0.050321277538338885,13,"{0: [], 1: [(G, 6), (I, 8), (I, 9), (I, 10), (C, 2), (B, 1)], 2: [(G, 6), (C, 2)], 3: [(A, 0), (G, 6)], 4: [(A, 0), (G, 6), (B, 1)], 5: [(G, 6)], 6: [], 7: [(G, 6)], 8: [(G, 6)], 9: [(G, 6)], 10: [(G, 6)], 11: [(G, 6)]}","{0: [], 1: [(E, I), (H, I), (G, E), (I, H), (A, I), (F, I), (D, I)], 2: [(I, G), (G, I), (F, I), (D, I), (A, I)], 3: [(G, I), (F, I), (D, I)], 4: [(I, G), (F, I), (G, I), (D, I)], 5: [(G, I), (F, I), (D, I)], 6: [(F, I), (I, G), (D, I), (G, I)], 7: [(I, G), (G, I), (D, I), (F, I)], 8: [(D, I), (F, I), (G, I)], 9: [(G, I), (D, I), (I, G), (F, I), (A, I)], 10: [(G, I), (D, I), (A, I), (F, I)], 11: [(I, G), (F, I), (G, I), (D, I)]}","{1: [(A, [0]), (B, [1]), (C, [2]), (D, [3]), (E, [4]), (F, [5]), (G, [6]), (H, [7]), (I, [8, 9, 10])], 2: [(G, [6]), (I, [4, 7, 8, 9, 10]), (C, [2]), (A, [0]), (F, [5]), (D, [3]), (B, [1])], 3: [(I, [4, 7, 8, 9, 10]), (G, [6]), (F, [5]), (D, [3]), (B, [1]), (C, [2]), (A, [0])], 4: [(A, [0]), (G, [6]), (C, [2]), (F, [5]), (I, [4, 7, 8, 9, 10]), (B, [1]), (D, [3])], 5: [(I, [4, 7, 8, 9, 10]), (A, [0]), (F, [5]), (C, [2]), (G, [6]), (B, [1]), (D, [3])], 6: [(C, [2]), (A, [0]), (G, [4, 6]), (B, [1]), (F, [5]), (I, [7, 8, 9, 10]), (D, [3])], 7: [(F, [5]), (B, [1]), (A, [0]), (I, [4, 7, 8, 9, 10]), (D, [3]), (C, [2]), (G, [6])], 8: [(I, [4, 7, 8, 9, 10]), (G, [6]), (A, [0]), (D, [3]), (F, [5]), (B, [1]), (C, [2])], 9: [(A, [0]), (B, [1]), (D, [3]), (F, [5]), (C, [2]), (G, [6]), (I, [4, 7, 8, 9, 10])], 10: [(B, [1]), (G, [6]), (D, [3]), (I, [4, 7, 8, 9, 10]), (C, [2]), (F, [5]), (A, [0])], 11: [(B, [1]), (G, [6]), (C, [2]), (D, [3]), (A, [0]), (F, [5]), (I, [4, 7, 8, 9, 10])]}"
7,11,0.21032684967827192,46,0.1432975757388722,0.4710391373797036,0.14996278651544676,2,0.1,0.1425952746444163,16,"{0: [], 1: [(B, 1), (G, 6), (G, 7), (G, 8), (G, 9), (G, 10)], 2: [(B, 1), (G, 8)], 3: [(B, 1), (B, 2)], 4: [(B, 1)], 5: [(B, 1)], 6: [(B, 1)], 7: [(B, 0)], 8: [(G, 1)], 9: [], 10: []}","{0: [], 1: [(F, G), (E, G), (B, C), (D, G), (G, E), (A, B)], 2: [(F, G), (A, B), (D, G), (B, C), (G, D)], 3: [(A, B), (G, F), (B, A)], 4: [(B, A), (G, B), (A, B)], 5: [(A, B), (B, G), (G, B)], 6: [(G, B), (B, A), (A, B)], 7: [(B, G), (G, B)], 8: [(B, G), (G, B)], 9: [(B, G), (G, B)], 10: []}","{1: [(A, [0]), (B, [1]), (C, [2]), (D, [3]), (E, [4]), (F, [5]), (G, [6, 7, 8, 9, 10])], 2: [(F, [5]), (B, [1]), (D, [3]), (C, [2]), (G, [4, 6, 7, 8, 9, 10]), (A, [0])], 3: [(F, [5]), (A, [0]), (B, [1, 2]), (G, [3, 4, 6, 7, 8, 9, 10])], 4: [(A, [0]), (G, [3, 4, 5, 6, 7, 8, 9, 10]), (B, [1, 2])], 5: [(B, [1]), (G, [2, 3, 4, 5, 6, 7, 8, 9, 10]), (A, [0])], 6: [(A, [0]), (B, [1, 2]), (G, [3, 4, 5, 6, 7, 8, 9, 10])], 7: [(G, [2, 3, 4, 5, 6, 7, 8, 9, 10]), (B, [0, 1])], 8: [(B, [0]), (G, [1, 2, 3, 4, 5, 6, 7, 8, 9, 10])], 9: [(B, [0]), (G, [1, 2, 3, 4, 5, 6, 7, 8, 9, 10])], 10: [(G, [0, 1, 2, 3, 4, 5, 6, 7, 8, 9, 10])]}"
10,11,0.5159202022577498,41,0.13177395457105795,0.268730581915251,0.6093593903602176,1,0.1,0.09420686155086642,6,"{0: [], 1: [(J, 9), (J, 10)], 2: [], 3: [(J, 7), (C, 2)], 4: [(C, 2), (D, 3), (J, 7)], 5: [(C, 2), (D, 3)], 6: [(D, 3), (C, 2), (F, 5)], 7: [(F, 5), (C, 2)], 8: [(C, 2), (F, 5)], 9: [(F, 5)], 10: [(F, 5)], 11: [(F, 5)]}","{0: [], 1: [(J, I), (H, J), (B, J), (F, J), (A, J), (D, J), (I, J), (E, J), (C, J), (G, J)], 2: [(J, H), (D, J), (F, J), (A, J), (C, J), (B, J), (E, J), (H, J), (G, J)], 3: [(A, J), (J, G), (E, J), (F, J), (B, J), (D, J), (G, J)], 4: [(A, J), (E, J), (J, G), (G, J), (B, J), (F, J)], 5: [(B, J), (A, J), (F, J), (E, J), (J, E)], 6: [(B, J), (F, J), (J, F), (A, J)], 7: [(B, J), (A, J), (J, F), (F, J)], 8: [(A, J), (J, F), (B, J), (F, J)], 9: [(A, J), (J, F), (F, J), (B, J)], 10: [(A, J), (B, J), (J, F), (F, J)], 11: [(A, J), (F, J), (J, F), (B, J)]}","{1: [(A, [0]), (B, [1]), (C, [2]), (D, [3]), (E, [4]), (F, [5]), (G, [6]), (H, [7]), (I, [8]), (J, [9, 10])], 2: [(J, [8, 9, 10]), (H, [7]), (B, [1]), (F, [5]), (A, [0]), (D, [3]), (E, [4]), (C, [2]), (G, [6])], 3: [(J, [7, 8, 9, 10]), (D, [3]), (F, [5]), (A, [0]), (C, [2]), (B, [1]), (E, [4]), (G, [6])], 4: [(A, [0]), (J, [7, 8, 9, 10]), (C, [2]), (E, [4]), (F, [5]), (B, [1]), (D, [3]), (G, [6])], 5: [(C, [2]), (D, [3]), (A, [0]), (E, [4]), (J, [6, 7, 8, 9, 10]), (B, [1]), (F, [5])], 6: [(C, [2]), (B, [1]), (A, [0]), (F, [5]), (D, [3]), (J, [4, 6, 7, 8, 9, 10])], 7: [(B, [1]), (D, [3]), (C, [2]), (F, [5]), (J, [4, 6, 7, 8, 9, 10]), (A, [0])], 8: [(B, [1]), (A, [0]), (J, [4, 6, 7, 8, 9, 10]), (D, [3]), (F, [5]), (C, [2])], 9: [(C, [2]), (D, [3]), (A, [0]), (J, [4, 6, 7, 8, 9, 10]), (B, [1]), (F, [5])], 10: [(A, [0]), (J, [4, 6, 7, 8, 9, 10]), (F, [5]), (C, [2]), (B, [1]), (D, [3])], 11: [(A, [0]), (B, [1]), (J, [4, 6, 7, 8, 9, 10]), (C, [2]), (D, [3]), (F, [5])]}"
12,17,0.2914426787606232,41,0.0883067771960059,0.4817142046516535,0.44057103334742387,2,0.1,0.07392543682963544,5,"{0: [], 1: [(D, 3), (J, 9), (L, 11), (L, 12), (L, 13), (L, 14), (L, 15), (L, 16)], 2: [(C, 2), (J, 9), (L, 13)], 3: [(D, 3), (C, 2), (J, 9), (L, 13)], 4: [(D, 3), (J, 9), (L, 13)], 5: [(J, 9), (K, 10)], 6: [], 7: [(K, 10)], 8: [], 9: [(K, 10)], 10: [], 11: []}","{0: [], 1: [(F, L), (H, L), (C, L), (J, L), (L, B), (G, L), (K, L), (E, L), (A, J), (I, L)], 2: [(E, L), (H, L), (K, L), (G, L), (F, L), (J, L), (D, L), (L, J), (A, J), (I, L)], 3: [(A, J), (G, L), (H, L), (F, L), (J, L), (K, L), (L, J), (E, L), (I, L)], 4: [(A, J), (H, L), (I, L), (J, L), (G, L), (C, L), (L, J), (K, L), (E, L), (F, L)], 5: [(E, L), (I, L), (H, L), (J, L), (A, J), (F, L), (L, J), (G, L), (C, L)], 6: [(J, L), (L, J), (F, L), (I, L), (E, L), (H, L), (G, L)], 7: [(I, L), (A, L), (H, L), (G, L), (F, L), (E, L), (L, G)], 8: [(I, L), (E, L), (H, L), (F, L), (L, F)], 9: [(I, L), (E, L), (A, L), (H, L), (L, K)], 10: [(A, L), (H, L), (I, L), (L, K), (E, L)], 11: [(I, L), (E, L), (A, L), (H, L)]}","{1: [(A, [0]), (B, [1]), (C, [2]), (D, [3]), (E, [4]), (F, [5]), (G, [6]), (H, [7]), (I, [8]), (J, [9]), (K, [10]), (L, [11, 12, 13, 14, 15, 16])], 2: [(F, [5]), (H, [7]), (C, [2]), (D, [3]), (J, [9]), (L, [1, 11, 12, 13, 14, 15, 16]), (G, [6]), (K, [10]), (E, [4]), (A, [0]), (I, [8])], 3: [(E, [4]), (C, [2]), (H, [7]), (K, [10]), (G, [6]), (F, [5]), (J, [9]), (D, [3]), (L, [1, 11, 12, 13, 14, 15, 16]), (A, [0]), (I, [8])], 4: [(D, [3]), (A, [0]), (G, [6]), (H, [7]), (C, [2]), (F, [5]), (J, [9]), (K, [10]), (L, [1, 11, 12, 13, 14, 15, 16]), (E, [4]), (I, [8])], 5: [(D, [3]), (A, [0]), (H, [7]), (I, [8]), (J, [9]), (G, [6]), (C, [2]), (L, [1, 11, 12, 13, 14, 15, 16]), (K, [10]), (E, [4]), (F, [5])], 6: [(E, [4]), (I, [8]), (H, [7]), (J, [9]), (A, [0]), (F, [5]), (L, [1, 11, 12, 13, 14, 15, 16]), (K, [10]), (G, [6]), (D, [3]), (C, [2])], 7: [(C, [2]), (D, [3]), (L, [1, 9, 11, 12, 13, 14, 15, 16]), (F, [5]), (A, [0]), (K, [10]), (I, [8]), (E, [4]), (H, [7]), (G, [6])], 8: [(I, [8]), (A, [0]), (H, [7]), (K, [10]), (D, [3]), (C, [2]), (F, [5]), (E, [4]), (L, [1, 6, 9, 11, 12, 13, 14, 15, 16])], 9: [(I, [8]), (E, [4]), (A, [0]), (H, [7]), (K, [10]), (D, [3]), (C, [2]), (L, [1, 5, 6, 9, 11, 12, 13, 14, 15, 16])], 10: [(I, [8]), (E, [4]), (A, [0]), (D, [3]), (H, [7]), (C, [2]), (K, [10]), (L, [1, 5, 6, 9, 11, 12, 13, 14, 15, 16])], 11: [(A, [0]), (H, [7]), (I, [8]), (D, [3]), (C, [2]), (K, [10]), (L, [1, 5, 6, 9, 11, 12, 13, 14, 15, 16]), (E, [4])]}"
7,19,0.7091048341580355,49,0.08699713190009535,0.2347188415277715,0.3325371456642724,1,0.1,0.19300331376303373,15,"{0: [], 1: [(E, 4), (G, 6), (G, 7), (G, 8), (G, 9), (G, 10), (G, 11), (G, 12), (G, 13), (G, 14), (G, 15), (G, 16), (G, 17), (G, 18), (B, 1)], 2: [(G, 5), (G, 6), (G, 7), (G, 8), (G, 9), (G, 10), (G, 11), (G, 12), (G, 13), (G, 14), (G, 15), (G, 16), (G, 17), (G, 18)], 3: [], 4: [], 5: [], 6: [], 7: [], 8: [], 9: [], 10: [], 11: []}","{0: [], 1: [(G, F), (A, G), (C, G), (D, G)], 2: [(C, G), (E, G), (B, G), (G, E), (D, G), (A, G)], 3: [(D, G), (A, G), (C, G), (B, G)], 4: [(B, G), (D, G), (A, G), (C, G)], 5: [(C, G), (B, G), (D, G), (A, G)], 6: [(C, G), (A, G), (D, G), (B, G)], 7: [(A, G), (D, G), (C, G), (B, G)], 8: [(D, G), (A, G), (C, G), (B, G)], 9: [(A, G), (C, G), (D, G), (B, G)], 10: [(D, G), (B, G), (C, G), (A, G)], 11: [(B, G), (C, G), (A, G), (D, G)]}","{1: [(A, [0]), (B, [1]), (C, [2]), (D, [3]), (E, [4]), (F, [5]), (G, [6, 7, 8, 9, 10, 11, 12, 13, 14, 15, 16, 17, 18])], 2: [(E, [4]), (G, [5, 6, 7, 8, 9, 10, 11, 12, 13, 14, 15, 16, 17, 18]), (B, [1]), (A, [0]), (C, [2]), (D, [3])], 3: [(C, [2]), (B, [1]), (G, [4, 5, 6, 7, 8, 9, 10, 11, 12, 13, 14, 15, 16, 17, 18]), (D, [3]), (A, [0])], 4: [(D, [3]), (G, [4, 5, 6, 7, 8, 9, 10, 11, 12, 13, 14, 15, 16, 17, 18]), (A, [0]), (C, [2]), (B, [1])], 5: [(B, [1]), (D, [3]), (G, [4, 5, 6, 7, 8, 9, 10, 11, 12, 13, 14, 15, 16, 17, 18]), (A, [0]), (C, [2])], 6: [(G, [4, 5, 6, 7, 8, 9, 10, 11, 12, 13, 14, 15, 16, 17, 18]), (C, [2]), (B, [1]), (D, [3]), (A, [0])], 7: [(C, [2]), (G, [4, 5, 6, 7, 8, 9, 10, 11, 12, 13, 14, 15, 16, 17, 18]), (A, [0]), (D, [3]), (B, [1])], 8: [(A, [0]), (D, [3]), (C, [2]), (B, [1]), (G, [4, 5, 6, 7, 8, 9, 10, 11, 12, 13, 14, 15, 16, 17, 18])], 9: [(D, [3]), (G, [4, 5, 6, 7, 8, 9, 10, 11, 12, 13, 14, 15, 16, 17, 18]), (A, [0]), (C, [2]), (B, [1])], 10: [(A, [0]), (C, [2]), (D, [3]), (G, [4, 5, 6, 7, 8, 9, 10, 11, 12, 13, 14, 15, 16, 17, 18]), (B, [1])], 11: [(D, [3]), (G, [4, 5, 6, 7, 8, 9, 10, 11, 12, 13, 14, 15, 16, 17, 18]), (B, [1]), (C, [2]), (A, [0])]}"
4,9,0.5627952325634403,43,0.054984851847166186,0.44714618911986603,0.16341494806256204,2,0.1,0.1138053248498373,13,"{0: [], 1: [(D, 3), (D, 4), (D, 5), (D, 6), (D, 7), (D, 8)], 2: [(D, 8), (A, 0)], 3: [], 4: []}","{0: [], 1: [(B, D), (A, D), (D, C)], 2: [(D, B), (B, D)], 3: [(D, A)], 4: []}","{1: [(A, [0]), (B, [1]), (C, [2]), (D, [3, 4, 5, 6, 7, 8])], 2: [(B, [1]), (A, [0]), (D, [2, 3, 4, 5, 6, 7, 8])], 3: [(D, [1, 2, 3, 4, 5, 6, 7, 8]), (A, [0])], 4: [(D, [0, 1, 2, 3, 4, 5, 6, 7, 8])]}"
15,19,0.3880879389813715,48,0.11833315119952788,0.30473811631753717,0.5683835433762091,3,0.1,0.1716315364480112,6,"{0: [], 1: [(L, 11), (O, 14), (O, 15), (O, 16), (O, 17), (O, 18), (D, 3), (N, 13), (J, 9), (B, 1)], 2: [(F, 5), (E, 4), (I, 8), (J, 9), (O, 12), (O, 14), (O, 15), (O, 16), (O, 17), (O, 18), (B, 1), (D, 3), (N, 13)], 3: [(E, 4), (B, 1), (D, 3), (N, 13)], 4: [(E, 4), (B, 1)], 5: [(B, 1), (I, 8), (G, 6)], 6: [(O, 17), (C, 2), (B, 1)], 7: [(N, 13), (C, 2), (B, 1)], 8: [(B, 1), (N, 13)], 9: [(C, 2)], 10: [(C, 2)], 11: []}","{0: [], 1: [(O, M), (N, O), (F, O), (I, N), (A, O), (E, O), (G, N), (C, O), (M, O), (H, O), (K, O)], 2: [(G, N), (O, L), (A, O), (C, O), (K, O), (N, O), (H, O)], 3: [(G, N), (O, K), (H, O), (C, O), (I, N), (K, O), (A, O), (F, O), (N, O)], 4: [(O, J), (G, N), (A, O), (I, N), (N, O), (C, O), (F, O), (H, O)], 5: [(O, E), (C, O), (F, O), (A, O), (N, O), (H, O)], 6: [(G, N), (I, N), (A, O), (H, O), (O, D), (F, O)], 7: [(F, O), (D, O), (H, O), (A, O), (G, N), (O, D)], 8: [(H, O), (O, D), (F, O), (C, O), (G, N), (D, O), (A, O)], 9: [(I, N), (O, N), (F, O), (H, O), (A, O)], 10: [(A, O), (I, N), (H, O), (F, O), (G, N), (O, N)], 11: [(F, O), (C, O), (I, N), (G, N), (A, O), (H, O), (O, N)]}","{1: [(A, [0]), (B, [1]), (C, [2]), (D, [3]), (E, [4]), (F, [5]), (G, [6]), (H, [7]), (I, [8]), (J, [9]), (K, [10]), (L, [11]), (M, [12]), (N, [13]), (O, [14, 15, 16, 17, 18])], 2: [(L, [11]), (O, [12, 14, 15, 16, 17, 18]), (D, [3]), (N, [13]), (F, [5]), (I, [8]), (A, [0]), (E, [4]), (G, [6]), (J, [9]), (C, [2]), (B, [1]), (H, [7]), (K, [10])], 3: [(F, [5]), (E, [4]), (I, [8]), (G, [6]), (J, [9]), (O, [11, 12, 14, 15, 16, 17, 18]), (A, [0]), (C, [2]), (K, [10]), (B, [1]), (D, [3]), (N, [13]), (H, [7])], 4: [(G, [6]), (E, [4]), (J, [9]), (O, [10, 11, 12, 14, 15, 16, 17, 18]), (H, [7]), (C, [2]), (I, [8]), (B, [1]), (D, [3]), (A, [0]), (F, [5]), (N, [13])], 5: [(O, [9, 10, 11, 12, 14, 15, 16, 17, 18]), (G, [6]), (E, [4]), (D, [3]), (A, [0]), (I, [8]), (N, [13]), (C, [2]), (F, [5]), (B, [1]), (H, [7])], 6: [(D, [3]), (O, [4, 9, 10, 11, 12, 14, 15, 16, 17, 18]), (C, [2]), (B, [1]), (F, [5]), (I, [8]), (A, [0]), (N, [13]), (G, [6]), (H, [7])], 7: [(N, [13]), (G, [6]), (I, [8]), (A, [0]), (D, [3]), (H, [7]), (O, [4, 9, 10, 11, 12, 14, 15, 16, 17, 18]), (F, [5]), (C, [2]), (B, [1])], 8: [(F, [5]), (N, [13]), (D, [3]), (H, [7]), (I, [8]), (C, [2]), (A, [0]), (B, [1]), (G, [6]), (O, [4, 9, 10, 11, 12, 14, 15, 16, 17, 18])], 9: [(H, [7]), (I, [8]), (O, [3, 4, 9, 10, 11, 12, 14, 15, 16, 17, 18]), (B, [1]), (F, [5]), (C, [2]), (N, [13]), (G, [6]), (A, [0])], 10: [(C, [2]), (I, [8]), (O, [3, 4, 9, 10, 11, 12, 14, 15, 16, 17, 18]), (F, [5]), (H, [7]), (B, [1]), (G, [6]), (N, [13]), (A, [0])], 11: [(N, [13]), (B, [1]), (A, [0]), (I, [8]), (H, [7]), (F, [5]), (G, [6]), (C, [2]), (O, [3, 4, 9, 10, 11, 12, 14, 15, 16, 17, 18])]}"
14,15,0.388785745802092,54,0.08470923851613014,0.42831898515674405,0.507153883042379,1,0.1,0.19318849278037054,12,"{0: [], 1: [(C, 2), (G, 6), (H, 7), (K, 10), (M, 12), (N, 13), (N, 14)], 2: [(G, 6), (N, 13), (N, 14), (M, 12), (H, 7), (K, 10), (L, 11), (A, 0)], 3: [(C, 2), (K, 10), (L, 11), (A, 0), (H, 7), (M, 12)], 4: [(M, 12), (L, 11), (A, 0), (K, 10), (H, 7)], 5: [(L, 11), (K, 10), (G, 6), (M, 12), (A, 0), (H, 7)], 6: [(K, 10), (H, 7), (M, 12), (L, 11)], 7: [(M, 12), (H, 7), (K, 10), (L, 11)], 8: [(M, 12), (H, 7), (K, 10), (L, 11)], 9: [(H, 7), (K, 10), (L, 11), (M, 12)], 10: [(L, 11), (H, 7), (M, 12), (K, 10)], 11: [(M, 12), (L, 11), (H, 7), (K, 10)]}","{0: [], 1: [(F, N), (A, N), (H, N), (J, K), (K, M), (B, H), (M, K), (I, N), (D, M), (L, K), (E, N), (N, I)], 2: [(E, N), (N, L), (J, K), (M, K), (H, N), (K, M), (B, H), (D, M), (L, K), (F, N)], 3: [(D, M), (E, N), (G, N), (K, M), (N, L), (B, H), (L, K), (J, K), (H, N), (F, N), (M, K)], 4: [(D, M), (E, N), (M, K), (B, H), (L, K), (G, N), (N, L), (J, K), (K, M), (H, N), (F, N)], 5: [(L, K), (K, M), (M, K), (J, K), (N, L), (F, N), (B, H), (C, N), (H, N), (D, M), (E, N)], 6: [(K, M), (H, N), (B, H), (M, K), (L, K), (F, N), (D, M), (N, L), (E, N), (J, K)], 7: [(M, K), (H, N), (K, M), (D, M), (E, N), (G, N), (L, K), (N, L), (F, N), (B, H), (J, K)], 8: [(E, N), (M, K), (H, N), (D, M), (B, H), (N, L), (G, N), (K, M), (L, K), (F, N), (J, K)], 9: [(H, N), (E, N), (K, M), (J, K), (D, M), (B, H), (N, L), (L, K), (G, N), (F, N), (C, N), (M, K)], 10: [(L, K), (H, N), (F, N), (M, K), (J, K), (K, M), (N, L), (E, N), (D, M), (A, N), (G, N), (B, H)], 11: [(E, N), (B, H), (D, M), (M, K), (L, K), (G, N), (H, N), (K, M), (F, N), (J, K), (N, L)]}","{1: [(A, [0]), (B, [1]), (C, [2]), (D, [3]), (E, [4]), (F, [5]), (G, [6]), (H, [7]), (I, [8]), (J, [9]), (K, [10]), (L, [11]), (M, [12]), (N, [13, 14])], 2: [(C, [2]), (G, [6]), (F, [5]), (A, [0]), (H, [7]), (J, [9]), (K, [10]), (B, [1]), (M, [12]), (D, [3]), (L, [11]), (E, [4]), (N, [8, 13, 14])], 3: [(G, [6]), (E, [4]), (N, [8, 13, 14]), (J, [9]), (M, [12]), (H, [7]), (K, [10]), (B, [1]), (D, [3]), (L, [11]), (A, [0]), (F, [5]), (C, [2])], 4: [(C, [2]), (D, [3]), (E, [4]), (G, [6]), (K, [10]), (N, [8, 13, 14]), (B, [1]), (L, [11]), (J, [9]), (A, [0]), (H, [7]), (F, [5]), (M, [12])], 5: [(D, [3]), (E, [4]), (M, [12]), (B, [1]), (L, [11]), (G, [6]), (C, [2]), (N, [8, 13, 14]), (J, [9]), (A, [0]), (K, [10]), (H, [7]), (F, [5])], 6: [(L, [11]), (K, [10]), (G, [6]), (M, [12]), (A, [0]), (J, [9]), (N, [8, 13, 14]), (F, [5]), (B, [1]), (C, [2]), (H, [7]), (D, [3]), (E, [4])], 7: [(A, [0]), (K, [10]), (G, [6]), (C, [2]), (H, [7]), (B, [1]), (M, [12]), (L, [11]), (F, [5]), (D, [3]), (N, [8, 13, 14]), (E, [4]), (J, [9])], 8: [(M, [12]), (A, [0]), (H, [7]), (K, [10]), (D, [3]), (E, [4]), (G, [6]), (C, [2]), (L, [11]), (N, [8, 13, 14]), (F, [5]), (B, [1]), (J, [9])], 9: [(E, [4]), (C, [2]), (M, [12]), (H, [7]), (D, [3]), (B, [1]), (A, [0]), (N, [8, 13, 14]), (G, [6]), (K, [10]), (L, [11]), (F, [5]), (J, [9])], 10: [(H, [7]), (A, [0]), (E, [4]), (K, [10]), (J, [9]), (D, [3]), (B, [1]), (N, [8, 13, 14]), (L, [11]), (G, [6]), (F, [5]), (C, [2]), (M, [12])], 11: [(L, [11]), (H, [7]), (F, [5]), (M, [12]), (J, [9]), (K, [10]), (N, [8, 13, 14]), (E, [4]), (D, [3]), (A, [0]), (G, [6]), (B, [1]), (C, [2])]}"
8,13,0.4066024539036628,50,0.109809922634297,0.381488383041221,0.35457436541818943,1,0.1,0.1631283330357227,13,"{0: [], 1: [(H, 7), (H, 8), (H, 9), (H, 10), (H, 11), (H, 12), (B, 1)], 2: [(B, 1), (H, 6), (H, 7), (E, 4)], 3: [(A, 0), (H, 6)], 4: [(A, 0), (D, 3)], 5: [(D, 3), (A, 0), (H, 10)], 6: [(A, 0)], 7: [], 8: []}","{0: [], 1: [(G, H), (C, H), (A, H), (D, H), (F, H), (H, G), (E, H)], 2: [(D, H), (F, H), (H, F), (C, H), (A, H)], 3: [(D, H), (B, H), (C, H), (H, E)], 4: [(H, C), (B, H)], 5: [(B, H), (H, B)], 6: [(H, D)], 7: [(H, A)], 8: []}","{1: [(A, [0]), (B, [1]), (C, [2]), (D, [3]), (E, [4]), (F, [5]), (G, [6]), (H, [7, 8, 9, 10, 11, 12])], 2: [(C, [2]), (A, [0]), (D, [3]), (F, [5]), (H, [6, 7, 8, 9, 10, 11, 12]), (E, [4]), (B, [1])], 3: [(D, [3]), (B, [1]), (H, [5, 6, 7, 8, 9, 10, 11, 12]), (C, [2]), (A, [0]), (E, [4])], 4: [(A, [0]), (D, [3]), (B, [1]), (C, [2]), (H, [4, 5, 6, 7, 8, 9, 10, 11, 12])], 5: [(H, [2, 4, 5, 6, 7, 8, 9, 10, 11, 12]), (B, [1]), (A, [0]), (D, [3])], 6: [(D, [3]), (A, [0]), (H, [1, 2, 4, 5, 6, 7, 8, 9, 10, 11, 12])], 7: [(A, [0]), (H, [1, 2, 3, 4, 5, 6, 7, 8, 9, 10, 11, 12])], 8: [(H, [0, 1, 2, 3, 4, 5, 6, 7, 8, 9, 10, 11, 12])]}"
7,18,0.6634101715908371,35,0.09291932116921488,0.44463676284934917,0.5245808267567161,1,0.1,0.029639232977868215,6,"{0: [], 1: [(A, 0), (G, 6), (G, 7), (G, 8), (G, 9), (G, 10), (G, 11), (G, 12), (G, 13), (G, 14), (G, 15), (G, 16), (G, 17), (F, 5)], 2: [(F, 5), (A, 0)], 3: [(A, 0), (B, 1), (G, 15)], 4: [(A, 0)], 5: [(G, 11)], 6: [], 7: []}","{0: [], 1: [(D, G), (G, E), (B, G), (C, G)], 2: [(B, G), (D, G), (G, D)], 3: [(G, F)], 4: [(G, B)], 5: [(G, A)], 6: [(G, C)], 7: []}","{1: [(A, [0]), (B, [1]), (C, [2]), (D, [3]), (E, [4]), (F, [5]), (G, [6, 7, 8, 9, 10, 11, 12, 13, 14, 15, 16, 17])], 2: [(A, [0]), (D, [3]), (G, [4, 6, 7, 8, 9, 10, 11, 12, 13, 14, 15, 16, 17]), (B, [1]), (F, [5]), (C, [2])], 3: [(B, [1]), (F, [5]), (A, [0]), (G, [3, 4, 6, 7, 8, 9, 10, 11, 12, 13, 14, 15, 16, 17]), (C, [2])], 4: [(C, [2]), (A, [0]), (B, [1]), (G, [3, 4, 5, 6, 7, 8, 9, 10, 11, 12, 13, 14, 15, 16, 17])], 5: [(C, [2]), (G, [1, 3, 4, 5, 6, 7, 8, 9, 10, 11, 12, 13, 14, 15, 16, 17]), (A, [0])], 6: [(C, [2]), (G, [0, 1, 3, 4, 5, 6, 7, 8, 9, 10, 11, 12, 13, 14, 15, 16, 17])], 7: [(G, [0, 1, 2, 3, 4, 5, 6, 7, 8, 9, 10, 11, 12, 13, 14, 15, 16, 17])]}"
9,10,0.6232411487956305,48,0.2847113587143601,0.20262624256596237,0.6684545807220124,3,0.1,0.17106881189469975,13,"{0: [], 1: [(I, 9), (H, 7)], 2: [(I, 9), (H, 7)], 3: [(I, 9), (H, 7)], 4: [(H, 7)], 5: [(H, 7)], 6: [(H, 7)], 7: [(H, 7)], 8: [(H, 7)], 9: [(H, 7)], 10: [(H, 7)], 11: [(I, 9), (H, 7)]}","{0: [], 1: [(E, I), (F, H), (D, I), (I, H), (H, I), (B, I), (A, I), (G, I), (C, I)], 2: [(I, H), (A, I), (F, H), (C, I), (G, I), (H, I), (E, I), (B, I), (D, I)], 3: [(F, H), (B, I), (I, H), (C, I), (A, I), (D, I), (H, I), (E, I), (G, I)], 4: [(E, I), (D, I), (C, I), (I, H), (F, H), (H, I), (A, I), (B, I), (G, I)], 5: [(C, I), (H, I), (E, I), (A, I), (D, I), (I, H), (F, H), (B, I), (G, I)], 6: [(F, H), (C, I), (D, I), (G, I), (A, I), (E, I), (I, H), (H, I), (B, I)], 7: [(G, I), (D, I), (F, H), (A, I), (B, I), (C, I), (E, I), (I, H), (H, I)], 8: [(B, I), (D, I), (F, H), (A, I), (G, I), (H, I), (C, I), (I, H), (E, I)], 9: [(H, I), (D, I), (C, I), (B, I), (F, H), (G, I), (A, I), (E, I), (I, H)], 10: [(G, I), (B, I), (C, I), (I, H), (D, I), (E, I), (A, I), (F, H), (H, I)], 11: [(F, H), (D, I), (A, I), (G, I), (I, H), (C, I), (E, I), (H, I), (B, I)]}","{1: [(A, [0]), (B, [1]), (C, [2]), (D, [3]), (E, [4]), (F, [5]), (G, [6]), (H, [7]), (I, [8, 9])], 2: [(E, [4]), (F, [5]), (D, [3]), (I, [8, 9]), (H, [7]), (B, [1]), (A, [0]), (G, [6]), (C, [2])], 3: [(I, [8, 9]), (A, [0]), (F, [5]), (C, [2]), (G, [6]), (H, [7]), (E, [4]), (B, [1]), (D, [3])], 4: [(F, [5]), (B, [1]), (I, [8, 9]), (C, [2]), (A, [0]), (D, [3]), (H, [7]), (E, [4]), (G, [6])], 5: [(E, [4]), (D, [3]), (C, [2]), (I, [8, 9]), (F, [5]), (H, [7]), (A, [0]), (B, [1]), (G, [6])], 6: [(C, [2]), (H, [7]), (E, [4]), (A, [0]), (D, [3]), (I, [8, 9]), (F, [5]), (B, [1]), (G, [6])], 7: [(F, [5]), (C, [2]), (D, [3]), (G, [6]), (A, [0]), (E, [4]), (I, [8, 9]), (H, [7]), (B, [1])], 8: [(G, [6]), (D, [3]), (F, [5]), (A, [0]), (B, [1]), (C, [2]), (E, [4]), (I, [8, 9]), (H, [7])], 9: [(B, [1]), (D, [3]), (F, [5]), (A, [0]), (G, [6]), (H, [7]), (C, [2]), (I, [8, 9]), (E, [4])], 10: [(H, [7]), (D, [3]), (C, [2]), (B, [1]), (F, [5]), (G, [6]), (A, [0]), (E, [4]), (I, [8, 9])], 11: [(G, [6]), (B, [1]), (C, [2]), (I, [8, 9]), (D, [3]), (E, [4]), (A, [0]), (F, [5]), (H, [7])]}"
8,11,0.35462976071678476,35,0.13473810773123024,0.2113447359604131,0.2735541107936303,1,0.1,0.19003418052524032,21,"{0: [], 1: [(C, 2), (H, 7), (H, 8), (H, 9), (H, 10)], 2: [], 3: [], 4: [], 5: [(H, 10), (E, 4)], 6: [(H, 10)], 7: [(E, 4)], 8: [(E, 4), (H, 8)], 9: [(B, 1), (E, 4), (H, 10)], 10: [(E, 4), (H, 8)], 11: [(H, 10), (E, 4)]}","{0: [], 1: [(G, H), (B, H), (D, H), (H, F), (E, H), (A, H)], 2: [(A, H), (E, H), (C, H), (H, G), (D, H), (G, H), (B, H)], 3: [(A, H), (E, H), (B, H), (C, H), (H, C), (D, H)], 4: [(B, H), (A, H), (E, H), (D, H), (H, A)], 5: [(B, H), (H, E), (E, H), (D, H)], 6: [(B, H), (E, H)], 7: [(H, E), (B, H), (E, H)], 8: [(B, H), (H, E)], 9: [(D, H), (E, H), (H, E)], 10: [(H, E), (B, H)], 11: [(H, E), (D, H), (E, H), (B, H)]}","{1: [(A, [0]), (B, [1]), (C, [2]), (D, [3]), (E, [4]), (F, [5]), (G, [6]), (H, [7, 8, 9, 10])], 2: [(C, [2]), (G, [6]), (B, [1]), (D, [3]), (H, [5, 7, 8, 9, 10]), (E, [4]), (A, [0])], 3: [(A, [0]), (E, [4]), (C, [2]), (H, [5, 6, 7, 8, 9, 10]), (D, [3]), (B, [1])], 4: [(A, [0]), (E, [4]), (B, [1]), (H, [2, 5, 6, 7, 8, 9, 10]), (D, [3])], 5: [(B, [1]), (E, [4]), (D, [3]), (H, [0, 2, 5, 6, 7, 8, 9, 10])], 6: [(B, [1]), (H, [0, 2, 5, 6, 7, 8, 9, 10]), (E, [4]), (D, [3])], 7: [(B, [1]), (E, [4]), (H, [0, 2, 5, 6, 7, 8, 9, 10]), (D, [3])], 8: [(H, [0, 2, 5, 6, 7, 8, 9, 10]), (B, [1]), (E, [4]), (D, [3])], 9: [(E, [4]), (D, [3]), (B, [1]), (H, [0, 2, 5, 6, 7, 8, 9, 10])], 10: [(B, [1]), (D, [3]), (E, [4]), (H, [0, 2, 5, 6, 7, 8, 9, 10])], 11: [(E, [4]), (D, [3]), (H, [0, 2, 5, 6, 7, 8, 9, 10]), (B, [1])]}"
